文件：main.c       编译器版本 HGASM 0202 页次1


   1  0000              ; Generated by holtek-gcc v3.19, Tue Jul 27 17:51:55 2021
   2  0000              ; 
   3  0000              ; Configuration:
   4  0000              ;       with long instruction
   5  0000              ;       Single ROM, Multi-RAM
   6  0000              ;       bits_per_rom_unit:16
   7  0000              ;       with mp1
   8  0000              ;       with tbhp, address(0x9)
   9  0000              ;          Use tabrd-const
  10  0000              ;       
  11  0000              ; SFR address of long-instruction arch:
  12  0000              ;    mp0 = -1,1,0
  13  0000              ;    mp1 = 4,3,2
  14  0000              ;    mp2 = 14,13,12
  15  0000              ;    tbp = 9,7,8
  16  0000              ;    acc = 5
  17  0000              ;    pcl = 6
  18  0000              ;    status = 10
  19  0000              ;    bp = 11
  20  0000              ;    intc = 17
  21  0000              ;       
  22  0000              ;       
  23  0000              ; use 'tabrdc' instead of 'tabrd'
  24  0000              ;       
  25  0000              
  26  0000              #pragma translator "holtek-gcc 4.6.4" "3.19" "build 20130711"
  27  0000              ; Rebuild 718
  28  0000              
  29  0000              ir equ [2]
  30  0000              mp equ [3]
  31  0000              sbp equ [4]
  32  0000              acc equ [5]
  33  0000              bp equ [11]
  34  0000              tblp equ [7]
  35  0000              tbhp equ [9]
  36  0000              status equ [10]
  37  0000              c equ [10].0
  38  0000              ac equ [10].1
  39  0000              z equ [10].2
  40  0000              ov equ [10].3
  41  0000              cz equ [10].6
  42  0000              sc equ [10].7
  43  0000              intc equ [17]
  44  0000              
  45  0000              extern ra:byte
  46  0000              extern rb:byte
  47  0000              extern rc:byte
  48  0000              extern rd:byte
  49  0000              extern re:byte
  50  0000              extern rf:byte
  51  0000              extern rg:byte
  52  0000              extern rh:byte
  53  0000              extern _Crom2Prom:near
  54  0000              extern _Crom2PromNext:near
  55  0000              
  56  0000              RAMBANK 0 @BITDATASEC, @BITDATASEC1
  57  0000              @HCCINIT	.section 'data'
  58  0000              @HCCINIT0	.section 'data'
  59  0000              @BITDATASEC	 .section 'data'
文件：main.ASM     编译器版本 HGASM 0202 页次2

  60  0000              @BITDATASEC1	 .section 'data'
  61  0000              
  62  0000              #pragma debug scope 1 1
  63  0000              	extern __DELAY3:near
  64  0000              	extern __DELAYX3:near
  65  0000              	extern __DELAYX6:near
  66  0000              	extern __DELAYY5:near
  67  0000              	extern __DELAYY3:near
  68  0000              	extern _builtin_holtek_delay_2:byte
  69  0000              public _delay_ms
  70  0000              #pragma debug scope 2 1

  51  0000              #line 51 "f:\zccback\案例\tds\双路tds模块\显示模块\tds_disp\main.c"
  51  0000              _delay_ms .section 'code'
  51  0000              _delay_ms proc
  51  0000              public _delay_ms_2
  51  0000  0002[           local _delay_ms_2 db 2 dup(?)	; 2,0
            00
            ]
  51  0002              #pragma debug variable 12 2 _delay_ms_2+0 "ms"
  52  0002              #line 52 "f:\zccback\案例\tds\双路tds模块\显示模块\tds_disp\main.c"
  52  0000  2800     R  	jmp _L2
  52  0001              _L3:
  54  0001              #line 54 "f:\zccback\案例\tds\双路tds模块\显示模块\tds_disp\main.c"
  54  0001              ;# 54 "f:\zccback\案例\tds\双路tds模块\显示模块\tds_disp\main.c" 1
  54  0001              	IF 2000>263690
  54  0001              ;# 54 "f:\zccback\案例\tds\双路tds模块\显示模块\tds_disp\main.c" 1
  54  0001              	ERRMESSAGE 'the value 2000of the argument exceeds the maxinum 263690'
  54  0001              	ENDIF
  54  0001              ;# 54 "f:\zccback\案例\tds\双路tds模块\显示模块\tds_disp\main.c" 1
  54  0001              	IF 2000<0
  54  0001              ;# 54 "f:\zccback\案例\tds\双路tds模块\显示模块\tds_disp\main.c" 1
  54  0001              	ERRMESSAGE 'the value 2000 of the argument exceeds the mininum 0'
  54  0001              	ENDIF
  54  0001              ;# 54 "f:\zccback\案例\tds\双路tds模块\显示模块\tds_disp\main.c" 1
  54  0001              	IF 2000==0
  54  0001              ;# 54 "f:\zccback\案例\tds\双路tds模块\显示模块\tds_disp\main.c" 1
  54  0001              	JMP $
  54  0001              	ENDIF
  54  0001              ;# 54 "f:\zccback\案例\tds\双路tds模块\显示模块\tds_disp\main.c" 1
  54  0001              	IF 2000==1
  54  0001              ;# 54 "f:\zccback\案例\tds\双路tds模块\显示模块\tds_disp\main.c" 1
  54  0001              	NOP
  54  0001              	ENDIF
  54  0001              ;# 54 "f:\zccback\案例\tds\双路tds模块\显示模块\tds_disp\main.c" 1
  54  0001              	IF 2000==2
  54  0001              ;# 54 "f:\zccback\案例\tds\双路tds模块\显示模块\tds_disp\main.c" 1
  54  0001              	NOP
  54  0001              ;# 54 "f:\zccback\案例\tds\双路tds模块\显示模块\tds_disp\main.c" 1
  54  0001              	NOP
  54  0001              	ENDIF
  54  0001              ;# 54 "f:\zccback\案例\tds\双路tds模块\显示模块\tds_disp\main.c" 1
  54  0001              	IF 2000==3
  54  0001              ;# 54 "f:\zccback\案例\tds\双路tds模块\显示模块\tds_disp\main.c" 1
  54  0001              	NOP
  54  0001              ;# 54 "f:\zccback\案例\tds\双路tds模块\显示模块\tds_disp\main.c" 1
  54  0001              	NOP
  54  0001              ;# 54 "f:\zccback\案例\tds\双路tds模块\显示模块\tds_disp\main.c" 1
  54  0001              	NOP
  54  0001              	ENDIF
文件：main.c       编译器版本 HGASM 0202 页次3

  54  0001              ;# 54 "f:\zccback\案例\tds\双路tds模块\显示模块\tds_disp\main.c" 1
  54  0001              	IF (2000<8) AND (2000>3)
  54  0001              ;# 54 "f:\zccback\案例\tds\双路tds模块\显示模块\tds_disp\main.c" 1
  54  0001              	CALL __DELAY3 + 7 -2000
  54  0001              	ENDIF
  54  0001              ;# 54 "f:\zccback\案例\tds\双路tds模块\显示模块\tds_disp\main.c" 1
  54  0001              	IF (2000< 0404h) AND (2000>7)
  54  0001              ;# 54 "f:\zccback\案例\tds\双路tds模块\显示模块\tds_disp\main.c" 1
  54  0001              	MOV A,2000/4-1
  54  0001              ;# 54 "f:\zccback\案例\tds\双路tds模块\显示模块\tds_disp\main.c" 1
  54  0001              	CALL __DELAYX3 + 3 -(2000 MOD 4)
  54  0001              	ENDIF
  54  0001              ;# 54 "f:\zccback\案例\tds\双路tds模块\显示模块\tds_disp\main.c" 1
  54  0001              	IF (2000< 0x40B) AND (2000> 0403h)
  54  0001              ;# 54 "f:\zccback\案例\tds\双路tds模块\显示模块\tds_disp\main.c" 1
  54  0001              	MOV A,0 
  54  0001              ;# 54 "f:\zccback\案例\tds\双路tds模块\显示模块\tds_disp\main.c" 1
  54  0001              	CALL __DELAYX6 + 0x40a -2000
  54  0001              	ENDIF
  54  0001              ;# 54 "f:\zccback\案例\tds\双路tds模块\显示模块\tds_disp\main.c" 1
  54  0001              	IF (2000 >= 0x40b) AND ((((2000-9)%0402h)/4+1)>256)
  54  0001              ;# 54 "f:\zccback\案例\tds\双路tds模块\显示模块\tds_disp\main.c" 1
  54  0001              	MOV A,(2000-9)/0402h
  54  0001              ;# 54 "f:\zccback\案例\tds\双路tds模块\显示模块\tds_disp\main.c" 1
  54  0001              	MOV _builtin_holtek_delay_2,A
  54  0001              ;# 54 "f:\zccback\案例\tds\双路tds模块\显示模块\tds_disp\main.c" 1
  54  0001              	MOV A,0
  54  0001              ;# 54 "f:\zccback\案例\tds\双路tds模块\显示模块\tds_disp\main.c" 1
  54  0001              	CALL __DELAYY5 +5- (((2000-9)%0402h)%6)
  54  0001              	ENDIF
  54  0001              ;# 54 "f:\zccback\案例\tds\双路tds模块\显示模块\tds_disp\main.c" 1
  54  0001              	IF (2000 >= 0x40b) AND ((((2000-9)%0402h)/4+1)<=256)
  54  0001              ;# 54 "f:\zccback\案例\tds\双路tds模块\显示模块\tds_disp\main.c" 1
  54  0001  0F01        	MOV A,(2000-9)/0402h
  54  0002              ;# 54 "f:\zccback\案例\tds\双路tds模块\显示模块\tds_disp\main.c" 1
  54  0002  0080     E  	MOV _builtin_holtek_delay_2,A
  54  0003              ;# 54 "f:\zccback\案例\tds\双路tds模块\显示模块\tds_disp\main.c" 1
  54  0003  0FF2        	MOV A,((2000-9)%0402h)/4+1
  54  0004              ;# 54 "f:\zccback\案例\tds\双路tds模块\显示模块\tds_disp\main.c" 1
  54  0004  2000     E  	CALL __DELAYY3 +3-(((2000-9)%0402h)%4)
  54  0005              	ENDIF
  55  0005              #line 55 "f:\zccback\案例\tds\双路tds模块\显示模块\tds_disp\main.c"
  55  0005              ;# 55 "f:\zccback\案例\tds\双路tds模块\显示模块\tds_disp\main.c" 1
  55  0005  0001        	clr wdt
  55  0006              _L2:
  52  0006              #line 52 "f:\zccback\案例\tds\双路tds模块\显示模块\tds_disp\main.c"
  52  0006  0FFF        	mov a,255
  52  0007  0380     R  	addm a,_delay_ms_2[0]
  52  0008  0FFF        	mov a,255
  52  0009  1380     R  	adcm a,_delay_ms_2[1]
  52  000A  0700     R  	mov a,_delay_ms_2[0]
  52  000B  0600     R  	and a,_delay_ms_2[1]
  52  000C  0B01        	add a,1
  52  000D  380A        	snz c
  52  000E  2800     R  	jmp _L3
  52  000F  0003        	ret
  52  0010              _delay_ms endp
  52  0010              #line 52 "f:\zccback\案例\tds\双路tds模块\显示模块\tds_disp\main.c"
  52  0010              #pragma debug scope 1 1
  52  0010              public _setbuff
文件：main.c       编译器版本 HGASM 0202 页次4

  52  0010              #pragma debug scope 3 1
  62  0010              #line 62 "f:\zccback\案例\tds\双路tds模块\显示模块\tds_disp\main.c"
  62  0000              _setbuff .section 'code'
  62  0000              _setbuff proc
  62  0000  00              local _setbuff_2 db 1 dup(?)	; 0,1
  62  0000  0080     R  	mov _setbuff_2[0],a
  62  0001              #pragma debug variable 8 3 _setbuff_2+0 "data"
  62  0001  0F08        	mov a,8
  62  0002  0080     E  	mov ra,a
  64  0003              #line 64 "f:\zccback\案例\tds\双路tds模块\显示模块\tds_disp\main.c"
  64  0003  1F00     E  	clr rb
  64  0004              _L7:
  64  0004              #line 64 "f:\zccback\案例\tds\双路tds模块\显示模块\tds_disp\main.c"
  64  0004  0F00     R  	mov a,low offset _dispbuff
  64  0005  0300     E  	add a,rb
  64  0006  0083        	mov mp,a
  64  0007  0F00     R  	mov a,high offset _dispbuff
  64  0008  1F04        	clr sbp
  64  0009  1384        	adcm a,sbp
  64  000A  0700     R  	mov a,_setbuff_2[0]
  64  000B  0082        	mov ir,a
  64  000C  1480     E  	inc rb
  64  000D  1780     E  	sdz ra
  64  000E  2800     R  	jmp _L7
  64  000F  0003        	ret
  64  0010              _setbuff endp
  64  0010              #line 64 "f:\zccback\案例\tds\双路tds模块\显示模块\tds_disp\main.c"
  64  0010              #pragma debug scope 1 1
  64  0010              public _disptds_l
  64  0010              #pragma debug scope 4 1
  69  0010              #line 69 "f:\zccback\案例\tds\双路tds模块\显示模块\tds_disp\main.c"
  69  0000              _disptds_l .section 'code'
  69  0000              _disptds_l proc
  69  0000              public _disptds_l_2
  69  0000  0002[           local _disptds_l_2 db 2 dup(?)	; 2,0
            00
            ]
  69  0002              #pragma debug variable 12 4 _disptds_l_2+0 "data"
  70  0002              #line 70 "f:\zccback\案例\tds\双路tds模块\显示模块\tds_disp\main.c"
  70  0000  0700     R  	mov a,_disptds_l_2[0]
  70  0001  0600     R  	and a,_disptds_l_2[1]
  70  0002  0B01        	add a,1
  70  0003  380A        	snz c
  70  0004  2800     R  	jmp _L9
  72  0005              #line 72 "f:\zccback\案例\tds\双路tds模块\显示模块\tds_disp\main.c"
  72  0005  1F00     R  	clr _dispbuff[0]
  73  0006              #line 73 "f:\zccback\案例\tds\双路tds模块\显示模块\tds_disp\main.c"
  73  0006  1F00     R  	clr _dispbuff[1]
  74  0007              #line 74 "f:\zccback\案例\tds\双路tds模块\显示模块\tds_disp\main.c"
  74  0007  1F00     R  	clr _dispbuff[2]
  75  0008              #line 75 "f:\zccback\案例\tds\双路tds模块\显示模块\tds_disp\main.c"
  75  0008  1F00     R  	clr _dispbuff[3]
  75  0009  2800     R  	jmp _L8
  75  000A              _L9:
  77  000A              #line 77 "f:\zccback\案例\tds\双路tds模块\显示模块\tds_disp\main.c"
  77  000A  0700     R  	mov a,_disptds_l_2[0]
  77  000B  0AFE        	sub a,254
  77  000C  0700     R  	mov a,_disptds_l_2[1]
  77  000D  08FF        	sbc a,255
  77  000E  3B0A        	snz cz
文件：main.c       编译器版本 HGASM 0202 页次5

  77  000F  2800     R  	jmp _L11
  77  0010              #pragma debug scope 5 4
  77  0010              ;begin block, line: 77.-1
  77  0010              #pragma debug scope 6 5
  77  0010              ;begin block, line: 77.-1
  79  0010              #line 79 "f:\zccback\案例\tds\双路tds模块\显示模块\tds_disp\main.c"
  79  0010  0F40        	mov a,64
  79  0011  0080     R  	mov _dispbuff[0],a
  80  0012              #line 80 "f:\zccback\案例\tds\双路tds模块\显示模块\tds_disp\main.c"
  80  0012  0F40        	mov a,64
  80  0013  0080     R  	mov _dispbuff[1],a
  81  0014              #line 81 "f:\zccback\案例\tds\双路tds模块\显示模块\tds_disp\main.c"
  81  0014  0F40        	mov a,64
  81  0015  0080     R  	mov _dispbuff[2],a
  82  0016              #line 82 "f:\zccback\案例\tds\双路tds模块\显示模块\tds_disp\main.c"
  82  0016  0F40        	mov a,64
  82  0017  0080     R  	mov _dispbuff[3],a
  82  0018  2800     R  	jmp _L8
  82  0019              _L11:
  82  0019              #pragma debug scope 5 4
  82  0019              #pragma debug scope 4 1
  86  0019              #line 86 "f:\zccback\案例\tds\双路tds模块\显示模块\tds_disp\main.c"
  86  0019  0700     R  	mov a,_disptds_l_2[0]
  86  001A  0080     E  	mov rb,a
  86  001B  0700     R  	mov a,_disptds_l_2[1]
  86  001C  0080     E  	mov rc,a
  86  001D  1F00     E  	clr _builtin_holtek_udivmodhi4_2[6]
  86  001E  0700     E  	mov a,rb  
  86  001F  0080     E  	mov _builtin_holtek_udivmodhi4_2[0],a  
  86  0020  0700     E  	mov a,rc  
  86  0021  0080     E  	mov _builtin_holtek_udivmodhi4_2[1],a
  86  0022  0FE8        	mov a,232  
  86  0023  0080     E  	mov _builtin_holtek_udivmodhi4_2[2],a  
  86  0024  0F03        	mov a,3  
  86  0025  0080     E  	mov _builtin_holtek_udivmodhi4_2[3],a
  86  0026  2000     E  	call _builtin_holtek_udivmodhi4
  86  0027  0700     E  	mov a,_builtin_holtek_udivmodhi4_2[0]  
  86  0028  0080     E  	mov rd,a  
  86  0029  0700     E  	mov a,_builtin_holtek_udivmodhi4_2[1]  
  86  002A  0080     E  	mov re,a
  86  002B  1F00     E  	clr _builtin_holtek_udivmodhi4_2[6]
  86  002C  0700     E  	mov a,rd  
  86  002D  0080     E  	mov _builtin_holtek_udivmodhi4_2[0],a  
  86  002E  0700     E  	mov a,re  
  86  002F  0080     E  	mov _builtin_holtek_udivmodhi4_2[1],a
  86  0030  0F0A        	mov a,10  
  86  0031  0080     E  	mov _builtin_holtek_udivmodhi4_2[2],a  
  86  0032  1F00     E  	clr _builtin_holtek_udivmodhi4_2[3]
  86  0033  2000     E  	call _builtin_holtek_udivmodhi4
  86  0034  0700     E  	mov a,_builtin_holtek_udivmodhi4_2[4]  
  86  0035  0080     E  	mov rd,a  
  86  0036  0700     E  	mov a,_builtin_holtek_udivmodhi4_2[5]  
  86  0037  0080     E  	mov re,a
  86  0038  0F00     R  	mov a,low offset _dispcode
  86  0039  0300     E  	add a,rd
  86  003A  0083        	mov mp,a
  86  003B  0F00     R  	mov a,high offset _dispcode
  86  003C  1300     E  	adc a,re
  86  003D  0084        	mov sbp,a
  86  003E  2000     E  	call _Crom2Prom
文件：main.c       编译器版本 HGASM 0202 页次6

  86  003F  0080     R  	mov _dispbuff[0],a
  87  0040              #line 87 "f:\zccback\案例\tds\双路tds模块\显示模块\tds_disp\main.c"
  87  0040  1F00     E  	clr _builtin_holtek_udivmodhi4_2[6]
  87  0041  0700     E  	mov a,rb  
  87  0042  0080     E  	mov _builtin_holtek_udivmodhi4_2[0],a  
  87  0043  0700     E  	mov a,rc  
  87  0044  0080     E  	mov _builtin_holtek_udivmodhi4_2[1],a
  87  0045  0F64        	mov a,100  
  87  0046  0080     E  	mov _builtin_holtek_udivmodhi4_2[2],a  
  87  0047  1F00     E  	clr _builtin_holtek_udivmodhi4_2[3]
  87  0048  2000     E  	call _builtin_holtek_udivmodhi4
  87  0049  0700     E  	mov a,_builtin_holtek_udivmodhi4_2[0]  
  87  004A  0080     E  	mov rd,a  
  87  004B  0700     E  	mov a,_builtin_holtek_udivmodhi4_2[1]  
  87  004C  0080     E  	mov re,a
  87  004D  1F00     E  	clr _builtin_holtek_udivmodhi4_2[6]
  87  004E  0700     E  	mov a,rd  
  87  004F  0080     E  	mov _builtin_holtek_udivmodhi4_2[0],a  
  87  0050  0700     E  	mov a,re  
  87  0051  0080     E  	mov _builtin_holtek_udivmodhi4_2[1],a
  87  0052  0F0A        	mov a,10  
  87  0053  0080     E  	mov _builtin_holtek_udivmodhi4_2[2],a  
  87  0054  1F00     E  	clr _builtin_holtek_udivmodhi4_2[3]
  87  0055  2000     E  	call _builtin_holtek_udivmodhi4
  87  0056  0700     E  	mov a,_builtin_holtek_udivmodhi4_2[4]  
  87  0057  0080     E  	mov rd,a  
  87  0058  0700     E  	mov a,_builtin_holtek_udivmodhi4_2[5]  
  87  0059  0080     E  	mov re,a
  87  005A  0F00     R  	mov a,low offset _dispcode
  87  005B  0300     E  	add a,rd
  87  005C  0083        	mov mp,a
  87  005D  0F00     R  	mov a,high offset _dispcode
  87  005E  1300     E  	adc a,re
  87  005F  0084        	mov sbp,a
  87  0060  2000     E  	call _Crom2Prom
  87  0061  0080     R  	mov _dispbuff[1],a
  88  0062              #line 88 "f:\zccback\案例\tds\双路tds模块\显示模块\tds_disp\main.c"
  88  0062  1F00     E  	clr _builtin_holtek_udivmodhi4_2[6]
  88  0063  0700     E  	mov a,rb  
  88  0064  0080     E  	mov _builtin_holtek_udivmodhi4_2[0],a  
  88  0065  0700     E  	mov a,rc  
  88  0066  0080     E  	mov _builtin_holtek_udivmodhi4_2[1],a
  88  0067  0F0A        	mov a,10  
  88  0068  0080     E  	mov _builtin_holtek_udivmodhi4_2[2],a  
  88  0069  1F00     E  	clr _builtin_holtek_udivmodhi4_2[3]
  88  006A  2000     E  	call _builtin_holtek_udivmodhi4
  88  006B  0700     E  	mov a,_builtin_holtek_udivmodhi4_2[0]  
  88  006C  0080     E  	mov rd,a  
  88  006D  0700     E  	mov a,_builtin_holtek_udivmodhi4_2[1]  
  88  006E  0080     E  	mov re,a
  88  006F  1F00     E  	clr _builtin_holtek_udivmodhi4_2[6]
  88  0070  0700     E  	mov a,rd  
  88  0071  0080     E  	mov _builtin_holtek_udivmodhi4_2[0],a  
  88  0072  0700     E  	mov a,re  
  88  0073  0080     E  	mov _builtin_holtek_udivmodhi4_2[1],a
  88  0074  0F0A        	mov a,10  
  88  0075  0080     E  	mov _builtin_holtek_udivmodhi4_2[2],a  
  88  0076  1F00     E  	clr _builtin_holtek_udivmodhi4_2[3]
  88  0077  2000     E  	call _builtin_holtek_udivmodhi4
  88  0078  0700     E  	mov a,_builtin_holtek_udivmodhi4_2[4]  
文件：main.c       编译器版本 HGASM 0202 页次7

  88  0079  0080     E  	mov rd,a  
  88  007A  0700     E  	mov a,_builtin_holtek_udivmodhi4_2[5]  
  88  007B  0080     E  	mov re,a
  88  007C  0F00     R  	mov a,low offset _dispcode
  88  007D  0300     E  	add a,rd
  88  007E  0083        	mov mp,a
  88  007F  0F00     R  	mov a,high offset _dispcode
  88  0080  1300     E  	adc a,re
  88  0081  0084        	mov sbp,a
  88  0082  2000     E  	call _Crom2Prom
  88  0083  0080     R  	mov _dispbuff[2],a
  89  0084              #line 89 "f:\zccback\案例\tds\双路tds模块\显示模块\tds_disp\main.c"
  89  0084  1F00     E  	clr _builtin_holtek_udivmodhi4_2[6]
  89  0085  0700     E  	mov a,rb  
  89  0086  0080     E  	mov _builtin_holtek_udivmodhi4_2[0],a  
  89  0087  0700     E  	mov a,rc  
  89  0088  0080     E  	mov _builtin_holtek_udivmodhi4_2[1],a
  89  0089  0F0A        	mov a,10  
  89  008A  0080     E  	mov _builtin_holtek_udivmodhi4_2[2],a  
  89  008B  1F00     E  	clr _builtin_holtek_udivmodhi4_2[3]
  89  008C  2000     E  	call _builtin_holtek_udivmodhi4
  89  008D  0700     E  	mov a,_builtin_holtek_udivmodhi4_2[4]  
  89  008E  0080     E  	mov rb,a  
  89  008F  0700     E  	mov a,_builtin_holtek_udivmodhi4_2[5]  
  89  0090  0080     E  	mov rc,a
  89  0091  0F00     R  	mov a,low offset _dispcode
  89  0092  0300     E  	add a,rb
  89  0093  0083        	mov mp,a
  89  0094  0F00     R  	mov a,high offset _dispcode
  89  0095  1300     E  	adc a,rc
  89  0096  0084        	mov sbp,a
  89  0097  2000     E  	call _Crom2Prom
  89  0098  0080     R  	mov _dispbuff[3],a
  89  0099              _L8:
  89  0099  0003        	ret
  89  009A              _disptds_l endp
  89  009A              #line 89 "f:\zccback\案例\tds\双路tds模块\显示模块\tds_disp\main.c"
  89  009A              #pragma debug scope 1 1
  89  009A              public _disptds_r
  89  009A              #pragma debug scope 7 1
  94  009A              #line 94 "f:\zccback\案例\tds\双路tds模块\显示模块\tds_disp\main.c"
  94  0000              _disptds_r .section 'code'
  94  0000              _disptds_r proc
  94  0000              public _disptds_r_2
  94  0000  0002[           local _disptds_r_2 db 2 dup(?)	; 2,0
            00
            ]
  94  0002              #pragma debug variable 12 7 _disptds_r_2+0 "data"
  95  0002              #line 95 "f:\zccback\案例\tds\双路tds模块\显示模块\tds_disp\main.c"
  95  0000  0700     R  	mov a,_disptds_r_2[0]
  95  0001  0600     R  	and a,_disptds_r_2[1]
  95  0002  0B01        	add a,1
  95  0003  380A        	snz c
  95  0004  2800     R  	jmp _L13
  97  0005              #line 97 "f:\zccback\案例\tds\双路tds模块\显示模块\tds_disp\main.c"
  97  0005  1F00     R  	clr _dispbuff[4]
  98  0006              #line 98 "f:\zccback\案例\tds\双路tds模块\显示模块\tds_disp\main.c"
  98  0006  1F00     R  	clr _dispbuff[5]
  99  0007              #line 99 "f:\zccback\案例\tds\双路tds模块\显示模块\tds_disp\main.c"
  99  0007  1F00     R  	clr _dispbuff[6]
文件：main.c       编译器版本 HGASM 0202 页次8

 100  0008              #line 100 "f:\zccback\案例\tds\双路tds模块\显示模块\tds_disp\main.c"
 100  0008  1F00     R  	clr _dispbuff[7]
 100  0009  2800     R  	jmp _L12
 100  000A              _L13:
 102  000A              #line 102 "f:\zccback\案例\tds\双路tds模块\显示模块\tds_disp\main.c"
 102  000A  0700     R  	mov a,_disptds_r_2[0]
 102  000B  0AFE        	sub a,254
 102  000C  0700     R  	mov a,_disptds_r_2[1]
 102  000D  08FF        	sbc a,255
 102  000E  3B0A        	snz cz
 102  000F  2800     R  	jmp _L15
 102  0010              #pragma debug scope 8 7
 102  0010              ;begin block, line: 102.-1
 102  0010              #pragma debug scope 9 8
 102  0010              ;begin block, line: 102.-1
 104  0010              #line 104 "f:\zccback\案例\tds\双路tds模块\显示模块\tds_disp\main.c"
 104  0010  0F40        	mov a,64
 104  0011  0080     R  	mov _dispbuff[4],a
 105  0012              #line 105 "f:\zccback\案例\tds\双路tds模块\显示模块\tds_disp\main.c"
 105  0012  0F40        	mov a,64
 105  0013  0080     R  	mov _dispbuff[5],a
 106  0014              #line 106 "f:\zccback\案例\tds\双路tds模块\显示模块\tds_disp\main.c"
 106  0014  0F40        	mov a,64
 106  0015  0080     R  	mov _dispbuff[6],a
 107  0016              #line 107 "f:\zccback\案例\tds\双路tds模块\显示模块\tds_disp\main.c"
 107  0016  0F40        	mov a,64
 107  0017  0080     R  	mov _dispbuff[7],a
 107  0018  2800     R  	jmp _L12
 107  0019              _L15:
 107  0019              #pragma debug scope 8 7
 107  0019              #pragma debug scope 7 1
 111  0019              #line 111 "f:\zccback\案例\tds\双路tds模块\显示模块\tds_disp\main.c"
 111  0019  0700     R  	mov a,_disptds_r_2[0]
 111  001A  0080     E  	mov rb,a
 111  001B  0700     R  	mov a,_disptds_r_2[1]
 111  001C  0080     E  	mov rc,a
 111  001D  1F00     E  	clr _builtin_holtek_udivmodhi4_2[6]
 111  001E  0700     E  	mov a,rb  
 111  001F  0080     E  	mov _builtin_holtek_udivmodhi4_2[0],a  
 111  0020  0700     E  	mov a,rc  
 111  0021  0080     E  	mov _builtin_holtek_udivmodhi4_2[1],a
 111  0022  0FE8        	mov a,232  
 111  0023  0080     E  	mov _builtin_holtek_udivmodhi4_2[2],a  
 111  0024  0F03        	mov a,3  
 111  0025  0080     E  	mov _builtin_holtek_udivmodhi4_2[3],a
 111  0026  2000     E  	call _builtin_holtek_udivmodhi4
 111  0027  0700     E  	mov a,_builtin_holtek_udivmodhi4_2[0]  
 111  0028  0080     E  	mov rd,a  
 111  0029  0700     E  	mov a,_builtin_holtek_udivmodhi4_2[1]  
 111  002A  0080     E  	mov re,a
 111  002B  1F00     E  	clr _builtin_holtek_udivmodhi4_2[6]
 111  002C  0700     E  	mov a,rd  
 111  002D  0080     E  	mov _builtin_holtek_udivmodhi4_2[0],a  
 111  002E  0700     E  	mov a,re  
 111  002F  0080     E  	mov _builtin_holtek_udivmodhi4_2[1],a
 111  0030  0F0A        	mov a,10  
 111  0031  0080     E  	mov _builtin_holtek_udivmodhi4_2[2],a  
 111  0032  1F00     E  	clr _builtin_holtek_udivmodhi4_2[3]
 111  0033  2000     E  	call _builtin_holtek_udivmodhi4
 111  0034  0700     E  	mov a,_builtin_holtek_udivmodhi4_2[4]  
文件：main.c       编译器版本 HGASM 0202 页次9

 111  0035  0080     E  	mov rd,a  
 111  0036  0700     E  	mov a,_builtin_holtek_udivmodhi4_2[5]  
 111  0037  0080     E  	mov re,a
 111  0038  0F00     R  	mov a,low offset _dispcode
 111  0039  0300     E  	add a,rd
 111  003A  0083        	mov mp,a
 111  003B  0F00     R  	mov a,high offset _dispcode
 111  003C  1300     E  	adc a,re
 111  003D  0084        	mov sbp,a
 111  003E  2000     E  	call _Crom2Prom
 111  003F  0080     R  	mov _dispbuff[4],a
 112  0040              #line 112 "f:\zccback\案例\tds\双路tds模块\显示模块\tds_disp\main.c"
 112  0040  1F00     E  	clr _builtin_holtek_udivmodhi4_2[6]
 112  0041  0700     E  	mov a,rb  
 112  0042  0080     E  	mov _builtin_holtek_udivmodhi4_2[0],a  
 112  0043  0700     E  	mov a,rc  
 112  0044  0080     E  	mov _builtin_holtek_udivmodhi4_2[1],a
 112  0045  0F64        	mov a,100  
 112  0046  0080     E  	mov _builtin_holtek_udivmodhi4_2[2],a  
 112  0047  1F00     E  	clr _builtin_holtek_udivmodhi4_2[3]
 112  0048  2000     E  	call _builtin_holtek_udivmodhi4
 112  0049  0700     E  	mov a,_builtin_holtek_udivmodhi4_2[0]  
 112  004A  0080     E  	mov rd,a  
 112  004B  0700     E  	mov a,_builtin_holtek_udivmodhi4_2[1]  
 112  004C  0080     E  	mov re,a
 112  004D  1F00     E  	clr _builtin_holtek_udivmodhi4_2[6]
 112  004E  0700     E  	mov a,rd  
 112  004F  0080     E  	mov _builtin_holtek_udivmodhi4_2[0],a  
 112  0050  0700     E  	mov a,re  
 112  0051  0080     E  	mov _builtin_holtek_udivmodhi4_2[1],a
 112  0052  0F0A        	mov a,10  
 112  0053  0080     E  	mov _builtin_holtek_udivmodhi4_2[2],a  
 112  0054  1F00     E  	clr _builtin_holtek_udivmodhi4_2[3]
 112  0055  2000     E  	call _builtin_holtek_udivmodhi4
 112  0056  0700     E  	mov a,_builtin_holtek_udivmodhi4_2[4]  
 112  0057  0080     E  	mov rd,a  
 112  0058  0700     E  	mov a,_builtin_holtek_udivmodhi4_2[5]  
 112  0059  0080     E  	mov re,a
 112  005A  0F00     R  	mov a,low offset _dispcode
 112  005B  0300     E  	add a,rd
 112  005C  0083        	mov mp,a
 112  005D  0F00     R  	mov a,high offset _dispcode
 112  005E  1300     E  	adc a,re
 112  005F  0084        	mov sbp,a
 112  0060  2000     E  	call _Crom2Prom
 112  0061  0080     R  	mov _dispbuff[5],a
 113  0062              #line 113 "f:\zccback\案例\tds\双路tds模块\显示模块\tds_disp\main.c"
 113  0062  1F00     E  	clr _builtin_holtek_udivmodhi4_2[6]
 113  0063  0700     E  	mov a,rb  
 113  0064  0080     E  	mov _builtin_holtek_udivmodhi4_2[0],a  
 113  0065  0700     E  	mov a,rc  
 113  0066  0080     E  	mov _builtin_holtek_udivmodhi4_2[1],a
 113  0067  0F0A        	mov a,10  
 113  0068  0080     E  	mov _builtin_holtek_udivmodhi4_2[2],a  
 113  0069  1F00     E  	clr _builtin_holtek_udivmodhi4_2[3]
 113  006A  2000     E  	call _builtin_holtek_udivmodhi4
 113  006B  0700     E  	mov a,_builtin_holtek_udivmodhi4_2[0]  
 113  006C  0080     E  	mov rd,a  
 113  006D  0700     E  	mov a,_builtin_holtek_udivmodhi4_2[1]  
 113  006E  0080     E  	mov re,a
文件：main.c       编译器版本 HGASM 0202 页次10

 113  006F  1F00     E  	clr _builtin_holtek_udivmodhi4_2[6]
 113  0070  0700     E  	mov a,rd  
 113  0071  0080     E  	mov _builtin_holtek_udivmodhi4_2[0],a  
 113  0072  0700     E  	mov a,re  
 113  0073  0080     E  	mov _builtin_holtek_udivmodhi4_2[1],a
 113  0074  0F0A        	mov a,10  
 113  0075  0080     E  	mov _builtin_holtek_udivmodhi4_2[2],a  
 113  0076  1F00     E  	clr _builtin_holtek_udivmodhi4_2[3]
 113  0077  2000     E  	call _builtin_holtek_udivmodhi4
 113  0078  0700     E  	mov a,_builtin_holtek_udivmodhi4_2[4]  
 113  0079  0080     E  	mov rd,a  
 113  007A  0700     E  	mov a,_builtin_holtek_udivmodhi4_2[5]  
 113  007B  0080     E  	mov re,a
 113  007C  0F00     R  	mov a,low offset _dispcode
 113  007D  0300     E  	add a,rd
 113  007E  0083        	mov mp,a
 113  007F  0F00     R  	mov a,high offset _dispcode
 113  0080  1300     E  	adc a,re
 113  0081  0084        	mov sbp,a
 113  0082  2000     E  	call _Crom2Prom
 113  0083  0080     R  	mov _dispbuff[6],a
 114  0084              #line 114 "f:\zccback\案例\tds\双路tds模块\显示模块\tds_disp\main.c"
 114  0084  1F00     E  	clr _builtin_holtek_udivmodhi4_2[6]
 114  0085  0700     E  	mov a,rb  
 114  0086  0080     E  	mov _builtin_holtek_udivmodhi4_2[0],a  
 114  0087  0700     E  	mov a,rc  
 114  0088  0080     E  	mov _builtin_holtek_udivmodhi4_2[1],a
 114  0089  0F0A        	mov a,10  
 114  008A  0080     E  	mov _builtin_holtek_udivmodhi4_2[2],a  
 114  008B  1F00     E  	clr _builtin_holtek_udivmodhi4_2[3]
 114  008C  2000     E  	call _builtin_holtek_udivmodhi4
 114  008D  0700     E  	mov a,_builtin_holtek_udivmodhi4_2[4]  
 114  008E  0080     E  	mov rb,a  
 114  008F  0700     E  	mov a,_builtin_holtek_udivmodhi4_2[5]  
 114  0090  0080     E  	mov rc,a
 114  0091  0F00     R  	mov a,low offset _dispcode
 114  0092  0300     E  	add a,rb
 114  0093  0083        	mov mp,a
 114  0094  0F00     R  	mov a,high offset _dispcode
 114  0095  1300     E  	adc a,rc
 114  0096  0084        	mov sbp,a
 114  0097  2000     E  	call _Crom2Prom
 114  0098  0080     R  	mov _dispbuff[7],a
 114  0099              _L12:
 114  0099  0003        	ret
 114  009A              _disptds_r endp
 114  009A              #line 114 "f:\zccback\案例\tds\双路tds模块\显示模块\tds_disp\main.c"
 114  009A              #pragma debug scope 1 1
 114  009A              public _disptemp_l
 114  009A              #pragma debug scope 10 1
 120  009A              #line 120 "f:\zccback\案例\tds\双路tds模块\显示模块\tds_disp\main.c"
 120  0000              _disptemp_l .section 'code'
 120  0000              _disptemp_l proc
 120  0000              public _disptemp_l_2
 120  0000  0002[           local _disptemp_l_2 db 2 dup(?)	; 2,0
            00
            ]
 120  0002              #pragma debug variable 12 10 _disptemp_l_2+0 "data"
 121  0002              #line 121 "f:\zccback\案例\tds\双路tds模块\显示模块\tds_disp\main.c"
 121  0000  1F00     R  	clr _dispbuff[0]
文件：main.c       编译器版本 HGASM 0202 页次11

 122  0001              #line 122 "f:\zccback\案例\tds\双路tds模块\显示模块\tds_disp\main.c"
 122  0001  0700     R  	mov a,_disptemp_l_2[0]
 122  0002  0080     E  	mov rb,a
 122  0003  0700     R  	mov a,_disptemp_l_2[1]
 122  0004  0080     E  	mov rc,a
 122  0005  1F00     E  	clr _builtin_holtek_udivmodhi4_2[6]
 122  0006  0700     E  	mov a,rb  
 122  0007  0080     E  	mov _builtin_holtek_udivmodhi4_2[0],a  
 122  0008  0700     E  	mov a,rc  
 122  0009  0080     E  	mov _builtin_holtek_udivmodhi4_2[1],a
 122  000A  0F64        	mov a,100  
 122  000B  0080     E  	mov _builtin_holtek_udivmodhi4_2[2],a  
 122  000C  1F00     E  	clr _builtin_holtek_udivmodhi4_2[3]
 122  000D  2000     E  	call _builtin_holtek_udivmodhi4
 122  000E  0700     E  	mov a,_builtin_holtek_udivmodhi4_2[0]  
 122  000F  0080     E  	mov rd,a  
 122  0010  0700     E  	mov a,_builtin_holtek_udivmodhi4_2[1]  
 122  0011  0080     E  	mov re,a
 122  0012  1F00     E  	clr _builtin_holtek_udivmodhi4_2[6]
 122  0013  0700     E  	mov a,rd  
 122  0014  0080     E  	mov _builtin_holtek_udivmodhi4_2[0],a  
 122  0015  0700     E  	mov a,re  
 122  0016  0080     E  	mov _builtin_holtek_udivmodhi4_2[1],a
 122  0017  0F0A        	mov a,10  
 122  0018  0080     E  	mov _builtin_holtek_udivmodhi4_2[2],a  
 122  0019  1F00     E  	clr _builtin_holtek_udivmodhi4_2[3]
 122  001A  2000     E  	call _builtin_holtek_udivmodhi4
 122  001B  0700     E  	mov a,_builtin_holtek_udivmodhi4_2[4]  
 122  001C  0080     E  	mov rd,a  
 122  001D  0700     E  	mov a,_builtin_holtek_udivmodhi4_2[5]  
 122  001E  0080     E  	mov re,a
 122  001F  0F00     R  	mov a,low offset _dispcode
 122  0020  0300     E  	add a,rd
 122  0021  0083        	mov mp,a
 122  0022  0F00     R  	mov a,high offset _dispcode
 122  0023  1300     E  	adc a,re
 122  0024  0084        	mov sbp,a
 122  0025  2000     E  	call _Crom2Prom
 122  0026  0080     R  	mov _dispbuff[1],a
 123  0027              #line 123 "f:\zccback\案例\tds\双路tds模块\显示模块\tds_disp\main.c"
 123  0027  1F00     E  	clr _builtin_holtek_udivmodhi4_2[6]
 123  0028  0700     E  	mov a,rb  
 123  0029  0080     E  	mov _builtin_holtek_udivmodhi4_2[0],a  
 123  002A  0700     E  	mov a,rc  
 123  002B  0080     E  	mov _builtin_holtek_udivmodhi4_2[1],a
 123  002C  0F0A        	mov a,10  
 123  002D  0080     E  	mov _builtin_holtek_udivmodhi4_2[2],a  
 123  002E  1F00     E  	clr _builtin_holtek_udivmodhi4_2[3]
 123  002F  2000     E  	call _builtin_holtek_udivmodhi4
 123  0030  0700     E  	mov a,_builtin_holtek_udivmodhi4_2[0]  
 123  0031  0080     E  	mov rd,a  
 123  0032  0700     E  	mov a,_builtin_holtek_udivmodhi4_2[1]  
 123  0033  0080     E  	mov re,a
 123  0034  1F00     E  	clr _builtin_holtek_udivmodhi4_2[6]
 123  0035  0700     E  	mov a,rd  
 123  0036  0080     E  	mov _builtin_holtek_udivmodhi4_2[0],a  
 123  0037  0700     E  	mov a,re  
 123  0038  0080     E  	mov _builtin_holtek_udivmodhi4_2[1],a
 123  0039  0F0A        	mov a,10  
 123  003A  0080     E  	mov _builtin_holtek_udivmodhi4_2[2],a  
文件：main.c       编译器版本 HGASM 0202 页次12

 123  003B  1F00     E  	clr _builtin_holtek_udivmodhi4_2[3]
 123  003C  2000     E  	call _builtin_holtek_udivmodhi4
 123  003D  0700     E  	mov a,_builtin_holtek_udivmodhi4_2[4]  
 123  003E  0080     E  	mov rd,a  
 123  003F  0700     E  	mov a,_builtin_holtek_udivmodhi4_2[5]  
 123  0040  0080     E  	mov re,a
 123  0041  0F00     R  	mov a,low offset _dispcode
 123  0042  0300     E  	add a,rd
 123  0043  0083        	mov mp,a
 123  0044  0F00     R  	mov a,high offset _dispcode
 123  0045  1300     E  	adc a,re
 123  0046  0084        	mov sbp,a
 123  0047  2000     E  	call _Crom2Prom
 123  0048  0080     E  	mov ra,a
 123  0049  3000     E  	set ra.7
 123  004A  0700     E  	mov a,ra
 123  004B  0080     R  	mov _dispbuff[2],a
 124  004C              #line 124 "f:\zccback\案例\tds\双路tds模块\显示模块\tds_disp\main.c"
 124  004C  1F00     E  	clr _builtin_holtek_udivmodhi4_2[6]
 124  004D  0700     E  	mov a,rb  
 124  004E  0080     E  	mov _builtin_holtek_udivmodhi4_2[0],a  
 124  004F  0700     E  	mov a,rc  
 124  0050  0080     E  	mov _builtin_holtek_udivmodhi4_2[1],a
 124  0051  0F0A        	mov a,10  
 124  0052  0080     E  	mov _builtin_holtek_udivmodhi4_2[2],a  
 124  0053  1F00     E  	clr _builtin_holtek_udivmodhi4_2[3]
 124  0054  2000     E  	call _builtin_holtek_udivmodhi4
 124  0055  0700     E  	mov a,_builtin_holtek_udivmodhi4_2[4]  
 124  0056  0080     E  	mov rb,a  
 124  0057  0700     E  	mov a,_builtin_holtek_udivmodhi4_2[5]  
 124  0058  0080     E  	mov rc,a
 124  0059  0F00     R  	mov a,low offset _dispcode
 124  005A  0300     E  	add a,rb
 124  005B  0083        	mov mp,a
 124  005C  0F00     R  	mov a,high offset _dispcode
 124  005D  1300     E  	adc a,rc
 124  005E  0084        	mov sbp,a
 124  005F  2000     E  	call _Crom2Prom
 124  0060  0080     R  	mov _dispbuff[3],a
 124  0061  0003        	ret
 124  0062              _disptemp_l endp
 124  0062              #line 124 "f:\zccback\案例\tds\双路tds模块\显示模块\tds_disp\main.c"
 124  0062              #pragma debug scope 1 1
 124  0062              public _disptemp_r
 124  0062              #pragma debug scope 11 1
 128  0062              #line 128 "f:\zccback\案例\tds\双路tds模块\显示模块\tds_disp\main.c"
 128  0000              _disptemp_r .section 'code'
 128  0000              _disptemp_r proc
 128  0000              public _disptemp_r_2
 128  0000  0002[           local _disptemp_r_2 db 2 dup(?)	; 2,0
            00
            ]
 128  0002              #pragma debug variable 12 11 _disptemp_r_2+0 "data"
 129  0002              #line 129 "f:\zccback\案例\tds\双路tds模块\显示模块\tds_disp\main.c"
 129  0000  1F00     R  	clr _dispbuff[4]
 130  0001              #line 130 "f:\zccback\案例\tds\双路tds模块\显示模块\tds_disp\main.c"
 130  0001  0700     R  	mov a,_disptemp_r_2[0]
 130  0002  0080     E  	mov rb,a
 130  0003  0700     R  	mov a,_disptemp_r_2[1]
 130  0004  0080     E  	mov rc,a
文件：main.c       编译器版本 HGASM 0202 页次13

 130  0005  1F00     E  	clr _builtin_holtek_udivmodhi4_2[6]
 130  0006  0700     E  	mov a,rb  
 130  0007  0080     E  	mov _builtin_holtek_udivmodhi4_2[0],a  
 130  0008  0700     E  	mov a,rc  
 130  0009  0080     E  	mov _builtin_holtek_udivmodhi4_2[1],a
 130  000A  0F64        	mov a,100  
 130  000B  0080     E  	mov _builtin_holtek_udivmodhi4_2[2],a  
 130  000C  1F00     E  	clr _builtin_holtek_udivmodhi4_2[3]
 130  000D  2000     E  	call _builtin_holtek_udivmodhi4
 130  000E  0700     E  	mov a,_builtin_holtek_udivmodhi4_2[0]  
 130  000F  0080     E  	mov rd,a  
 130  0010  0700     E  	mov a,_builtin_holtek_udivmodhi4_2[1]  
 130  0011  0080     E  	mov re,a
 130  0012  1F00     E  	clr _builtin_holtek_udivmodhi4_2[6]
 130  0013  0700     E  	mov a,rd  
 130  0014  0080     E  	mov _builtin_holtek_udivmodhi4_2[0],a  
 130  0015  0700     E  	mov a,re  
 130  0016  0080     E  	mov _builtin_holtek_udivmodhi4_2[1],a
 130  0017  0F0A        	mov a,10  
 130  0018  0080     E  	mov _builtin_holtek_udivmodhi4_2[2],a  
 130  0019  1F00     E  	clr _builtin_holtek_udivmodhi4_2[3]
 130  001A  2000     E  	call _builtin_holtek_udivmodhi4
 130  001B  0700     E  	mov a,_builtin_holtek_udivmodhi4_2[4]  
 130  001C  0080     E  	mov rd,a  
 130  001D  0700     E  	mov a,_builtin_holtek_udivmodhi4_2[5]  
 130  001E  0080     E  	mov re,a
 130  001F  0F00     R  	mov a,low offset _dispcode
 130  0020  0300     E  	add a,rd
 130  0021  0083        	mov mp,a
 130  0022  0F00     R  	mov a,high offset _dispcode
 130  0023  1300     E  	adc a,re
 130  0024  0084        	mov sbp,a
 130  0025  2000     E  	call _Crom2Prom
 130  0026  0080     R  	mov _dispbuff[5],a
 131  0027              #line 131 "f:\zccback\案例\tds\双路tds模块\显示模块\tds_disp\main.c"
 131  0027  1F00     E  	clr _builtin_holtek_udivmodhi4_2[6]
 131  0028  0700     E  	mov a,rb  
 131  0029  0080     E  	mov _builtin_holtek_udivmodhi4_2[0],a  
 131  002A  0700     E  	mov a,rc  
 131  002B  0080     E  	mov _builtin_holtek_udivmodhi4_2[1],a
 131  002C  0F0A        	mov a,10  
 131  002D  0080     E  	mov _builtin_holtek_udivmodhi4_2[2],a  
 131  002E  1F00     E  	clr _builtin_holtek_udivmodhi4_2[3]
 131  002F  2000     E  	call _builtin_holtek_udivmodhi4
 131  0030  0700     E  	mov a,_builtin_holtek_udivmodhi4_2[0]  
 131  0031  0080     E  	mov rd,a  
 131  0032  0700     E  	mov a,_builtin_holtek_udivmodhi4_2[1]  
 131  0033  0080     E  	mov re,a
 131  0034  1F00     E  	clr _builtin_holtek_udivmodhi4_2[6]
 131  0035  0700     E  	mov a,rd  
 131  0036  0080     E  	mov _builtin_holtek_udivmodhi4_2[0],a  
 131  0037  0700     E  	mov a,re  
 131  0038  0080     E  	mov _builtin_holtek_udivmodhi4_2[1],a
 131  0039  0F0A        	mov a,10  
 131  003A  0080     E  	mov _builtin_holtek_udivmodhi4_2[2],a  
 131  003B  1F00     E  	clr _builtin_holtek_udivmodhi4_2[3]
 131  003C  2000     E  	call _builtin_holtek_udivmodhi4
 131  003D  0700     E  	mov a,_builtin_holtek_udivmodhi4_2[4]  
 131  003E  0080     E  	mov rd,a  
 131  003F  0700     E  	mov a,_builtin_holtek_udivmodhi4_2[5]  
文件：main.c       编译器版本 HGASM 0202 页次14

 131  0040  0080     E  	mov re,a
 131  0041  0F00     R  	mov a,low offset _dispcode
 131  0042  0300     E  	add a,rd
 131  0043  0083        	mov mp,a
 131  0044  0F00     R  	mov a,high offset _dispcode
 131  0045  1300     E  	adc a,re
 131  0046  0084        	mov sbp,a
 131  0047  2000     E  	call _Crom2Prom
 131  0048  0080     E  	mov ra,a
 131  0049  3000     E  	set ra.7
 131  004A  0700     E  	mov a,ra
 131  004B  0080     R  	mov _dispbuff[6],a
 132  004C              #line 132 "f:\zccback\案例\tds\双路tds模块\显示模块\tds_disp\main.c"
 132  004C  1F00     E  	clr _builtin_holtek_udivmodhi4_2[6]
 132  004D  0700     E  	mov a,rb  
 132  004E  0080     E  	mov _builtin_holtek_udivmodhi4_2[0],a  
 132  004F  0700     E  	mov a,rc  
 132  0050  0080     E  	mov _builtin_holtek_udivmodhi4_2[1],a
 132  0051  0F0A        	mov a,10  
 132  0052  0080     E  	mov _builtin_holtek_udivmodhi4_2[2],a  
 132  0053  1F00     E  	clr _builtin_holtek_udivmodhi4_2[3]
 132  0054  2000     E  	call _builtin_holtek_udivmodhi4
 132  0055  0700     E  	mov a,_builtin_holtek_udivmodhi4_2[4]  
 132  0056  0080     E  	mov rb,a  
 132  0057  0700     E  	mov a,_builtin_holtek_udivmodhi4_2[5]  
 132  0058  0080     E  	mov rc,a
 132  0059  0F00     R  	mov a,low offset _dispcode
 132  005A  0300     E  	add a,rb
 132  005B  0083        	mov mp,a
 132  005C  0F00     R  	mov a,high offset _dispcode
 132  005D  1300     E  	adc a,rc
 132  005E  0084        	mov sbp,a
 132  005F  2000     E  	call _Crom2Prom
 132  0060  0080     R  	mov _dispbuff[7],a
 132  0061  0003        	ret
 132  0062              _disptemp_r endp
 132  0062              #line 132 "f:\zccback\案例\tds\双路tds模块\显示模块\tds_disp\main.c"
 132  0062              #pragma debug scope 1 1
 132  0062              ___usr equ [85]
 132  0062              ___txr_rxr equ [89]
 132  0062              public _SendData
 132  0062              #pragma debug scope 12 1
 136  0062              #line 136 "f:\zccback\案例\tds\双路tds模块\显示模块\tds_disp\main.c"
 136  0000              _SendData .section 'code'
 136  0000              _SendData proc
 137  0000              #line 137 "f:\zccback\案例\tds\双路tds模块\显示模块\tds_disp\main.c"
 137  0000  3800     E  	snz _F_UART
 137  0001  2800     R  	jmp _L18
 137  0002              #pragma debug scope 13 12
 137  0002              ;begin block, line: 137.-1
 139  0002              #line 139 "f:\zccback\案例\tds\双路tds模块\显示模块\tds_disp\main.c"
 139  0002  3400     E  	clr _F_UART
 142  0003              #line 142 "f:\zccback\案例\tds\双路tds模块\显示模块\tds_disp\main.c"
 142  0003  0F55        	mov a,85
 142  0004  0080     E  	mov _Tx_databuf[0],a
 143  0005              #line 143 "f:\zccback\案例\tds\双路tds模块\显示模块\tds_disp\main.c"
 143  0005  0F07        	mov a,7
 143  0006  0080     E  	mov _Tx_databuf[1],a
 144  0007              #line 144 "f:\zccback\案例\tds\双路tds模块\显示模块\tds_disp\main.c"
 144  0007  0700     E  	mov a,_Tx_databuf[3]
文件：main.c       编译器版本 HGASM 0202 页次15

 144  0008  0300     E  	add a,_Tx_databuf[2]
 144  0009  0080     E  	mov rb,a
 144  000A  0700     E  	mov a,_Tx_databuf[4]
 144  000B  0380     E  	addm a,rb
 144  000C  0700     E  	mov a,_Tx_databuf[5]
 144  000D  0380     E  	addm a,rb
 144  000E  0700     E  	mov a,_Tx_databuf[6]
 144  000F  0380     E  	addm a,rb
 144  0010  0700     E  	mov a,_Tx_databuf[1]
 144  0011  0300     E  	add a,_Tx_databuf[0]
 144  0012  0080     E  	mov ra,a
 144  0013  0700     E  	mov a,rb
 144  0014  0300     E  	add a,ra
 144  0015  0080     E  	mov _Tx_databuf[7],a
 140  0016              #line 140 "f:\zccback\案例\tds\双路tds模块\显示模块\tds_disp\main.c"
 140  0016  1F00     E  	clr ra
 140  0017              _L20:
 145  0017              #line 145 "f:\zccback\案例\tds\双路tds模块\显示模块\tds_disp\main.c"
 145  0017  0700     E  	mov a,ra
 145  0018  0A08        	sub a,8
 145  0019  3D0A        	sz z
 145  001A  2800     R  	jmp _L27
 145  001B              _L22:
 147  001B              #line 147 "f:\zccback\案例\tds\双路tds模块\显示模块\tds_disp\main.c"
 147  001B  38D5        	snz [85].1
 147  001C  2800     R  	jmp _L22
 149  001D              #line 149 "f:\zccback\案例\tds\双路tds模块\显示模块\tds_disp\main.c"
 149  001D              ;# 149 "f:\zccback\案例\tds\双路tds模块\显示模块\tds_disp\main.c" 1
 149  001D  0000        	nop
 150  001E              #line 150 "f:\zccback\案例\tds\双路tds模块\显示模块\tds_disp\main.c"
 150  001E              ;# 150 "f:\zccback\案例\tds\双路tds模块\显示模块\tds_disp\main.c" 1
 150  001E              	IF 100>263690
 150  001E              ;# 150 "f:\zccback\案例\tds\双路tds模块\显示模块\tds_disp\main.c" 1
 150  001E              	ERRMESSAGE 'the value 100of the argument exceeds the maxinum 263690'
 150  001E              	ENDIF
 150  001E              ;# 150 "f:\zccback\案例\tds\双路tds模块\显示模块\tds_disp\main.c" 1
 150  001E              	IF 100<0
 150  001E              ;# 150 "f:\zccback\案例\tds\双路tds模块\显示模块\tds_disp\main.c" 1
 150  001E              	ERRMESSAGE 'the value 100 of the argument exceeds the mininum 0'
 150  001E              	ENDIF
 150  001E              ;# 150 "f:\zccback\案例\tds\双路tds模块\显示模块\tds_disp\main.c" 1
 150  001E              	IF 100==0
 150  001E              ;# 150 "f:\zccback\案例\tds\双路tds模块\显示模块\tds_disp\main.c" 1
 150  001E              	JMP $
 150  001E              	ENDIF
 150  001E              ;# 150 "f:\zccback\案例\tds\双路tds模块\显示模块\tds_disp\main.c" 1
 150  001E              	IF 100==1
 150  001E              ;# 150 "f:\zccback\案例\tds\双路tds模块\显示模块\tds_disp\main.c" 1
 150  001E              	NOP
 150  001E              	ENDIF
 150  001E              ;# 150 "f:\zccback\案例\tds\双路tds模块\显示模块\tds_disp\main.c" 1
 150  001E              	IF 100==2
 150  001E              ;# 150 "f:\zccback\案例\tds\双路tds模块\显示模块\tds_disp\main.c" 1
 150  001E              	NOP
 150  001E              ;# 150 "f:\zccback\案例\tds\双路tds模块\显示模块\tds_disp\main.c" 1
 150  001E              	NOP
 150  001E              	ENDIF
 150  001E              ;# 150 "f:\zccback\案例\tds\双路tds模块\显示模块\tds_disp\main.c" 1
 150  001E              	IF 100==3
 150  001E              ;# 150 "f:\zccback\案例\tds\双路tds模块\显示模块\tds_disp\main.c" 1
文件：main.c       编译器版本 HGASM 0202 页次16

 150  001E              	NOP
 150  001E              ;# 150 "f:\zccback\案例\tds\双路tds模块\显示模块\tds_disp\main.c" 1
 150  001E              	NOP
 150  001E              ;# 150 "f:\zccback\案例\tds\双路tds模块\显示模块\tds_disp\main.c" 1
 150  001E              	NOP
 150  001E              	ENDIF
 150  001E              ;# 150 "f:\zccback\案例\tds\双路tds模块\显示模块\tds_disp\main.c" 1
 150  001E              	IF (100<8) AND (100>3)
 150  001E              ;# 150 "f:\zccback\案例\tds\双路tds模块\显示模块\tds_disp\main.c" 1
 150  001E              	CALL __DELAY3 + 7 -100
 150  001E              	ENDIF
 150  001E              ;# 150 "f:\zccback\案例\tds\双路tds模块\显示模块\tds_disp\main.c" 1
 150  001E              	IF (100< 0404h) AND (100>7)
 150  001E              ;# 150 "f:\zccback\案例\tds\双路tds模块\显示模块\tds_disp\main.c" 1
 150  001E  0F18        	MOV A,100/4-1
 150  001F              ;# 150 "f:\zccback\案例\tds\双路tds模块\显示模块\tds_disp\main.c" 1
 150  001F  2000     E  	CALL __DELAYX3 + 3 -(100 MOD 4)
 150  0020              	ENDIF
 150  0020              ;# 150 "f:\zccback\案例\tds\双路tds模块\显示模块\tds_disp\main.c" 1
 150  0020              	IF (100< 0x40B) AND (100> 0403h)
 150  0020              ;# 150 "f:\zccback\案例\tds\双路tds模块\显示模块\tds_disp\main.c" 1
 150  0020              	MOV A,0 
 150  0020              ;# 150 "f:\zccback\案例\tds\双路tds模块\显示模块\tds_disp\main.c" 1
 150  0020              	CALL __DELAYX6 + 0x40a -100
 150  0020              	ENDIF
 150  0020              ;# 150 "f:\zccback\案例\tds\双路tds模块\显示模块\tds_disp\main.c" 1
 150  0020              	IF (100 >= 0x40b) AND ((((100-9)%0402h)/4+1)>256)
 150  0020              ;# 150 "f:\zccback\案例\tds\双路tds模块\显示模块\tds_disp\main.c" 1
 150  0020              	MOV A,(100-9)/0402h
 150  0020              ;# 150 "f:\zccback\案例\tds\双路tds模块\显示模块\tds_disp\main.c" 1
 150  0020              	MOV _builtin_holtek_delay_2,A
 150  0020              ;# 150 "f:\zccback\案例\tds\双路tds模块\显示模块\tds_disp\main.c" 1
 150  0020              	MOV A,0
 150  0020              ;# 150 "f:\zccback\案例\tds\双路tds模块\显示模块\tds_disp\main.c" 1
 150  0020              	CALL __DELAYY5 +5- (((100-9)%0402h)%6)
 150  0020              	ENDIF
 150  0020              ;# 150 "f:\zccback\案例\tds\双路tds模块\显示模块\tds_disp\main.c" 1
 150  0020              	IF (100 >= 0x40b) AND ((((100-9)%0402h)/4+1)<=256)
 150  0020              ;# 150 "f:\zccback\案例\tds\双路tds模块\显示模块\tds_disp\main.c" 1
 150  0020              	MOV A,(100-9)/0402h
 150  0020              ;# 150 "f:\zccback\案例\tds\双路tds模块\显示模块\tds_disp\main.c" 1
 150  0020              	MOV _builtin_holtek_delay_2,A
 150  0020              ;# 150 "f:\zccback\案例\tds\双路tds模块\显示模块\tds_disp\main.c" 1
 150  0020              	MOV A,((100-9)%0402h)/4+1
 150  0020              ;# 150 "f:\zccback\案例\tds\双路tds模块\显示模块\tds_disp\main.c" 1
 150  0020              	CALL __DELAYY3 +3-(((100-9)%0402h)%4)
 150  0020              	ENDIF
 151  0020              #line 151 "f:\zccback\案例\tds\双路tds模块\显示模块\tds_disp\main.c"
 151  0020  3855        	snz [85].0
 151  0021  2800     R  	jmp _L22
 153  0022              #line 153 "f:\zccback\案例\tds\双路tds模块\显示模块\tds_disp\main.c"
 153  0022              ;# 153 "f:\zccback\案例\tds\双路tds模块\显示模块\tds_disp\main.c" 1
 153  0022              	IF 100>263690
 153  0022              ;# 153 "f:\zccback\案例\tds\双路tds模块\显示模块\tds_disp\main.c" 1
 153  0022              	ERRMESSAGE 'the value 100of the argument exceeds the maxinum 263690'
 153  0022              	ENDIF
 153  0022              ;# 153 "f:\zccback\案例\tds\双路tds模块\显示模块\tds_disp\main.c" 1
 153  0022              	IF 100<0
 153  0022              ;# 153 "f:\zccback\案例\tds\双路tds模块\显示模块\tds_disp\main.c" 1
 153  0022              	ERRMESSAGE 'the value 100 of the argument exceeds the mininum 0'
文件：main.c       编译器版本 HGASM 0202 页次17

 153  0022              	ENDIF
 153  0022              ;# 153 "f:\zccback\案例\tds\双路tds模块\显示模块\tds_disp\main.c" 1
 153  0022              	IF 100==0
 153  0022              ;# 153 "f:\zccback\案例\tds\双路tds模块\显示模块\tds_disp\main.c" 1
 153  0022              	JMP $
 153  0022              	ENDIF
 153  0022              ;# 153 "f:\zccback\案例\tds\双路tds模块\显示模块\tds_disp\main.c" 1
 153  0022              	IF 100==1
 153  0022              ;# 153 "f:\zccback\案例\tds\双路tds模块\显示模块\tds_disp\main.c" 1
 153  0022              	NOP
 153  0022              	ENDIF
 153  0022              ;# 153 "f:\zccback\案例\tds\双路tds模块\显示模块\tds_disp\main.c" 1
 153  0022              	IF 100==2
 153  0022              ;# 153 "f:\zccback\案例\tds\双路tds模块\显示模块\tds_disp\main.c" 1
 153  0022              	NOP
 153  0022              ;# 153 "f:\zccback\案例\tds\双路tds模块\显示模块\tds_disp\main.c" 1
 153  0022              	NOP
 153  0022              	ENDIF
 153  0022              ;# 153 "f:\zccback\案例\tds\双路tds模块\显示模块\tds_disp\main.c" 1
 153  0022              	IF 100==3
 153  0022              ;# 153 "f:\zccback\案例\tds\双路tds模块\显示模块\tds_disp\main.c" 1
 153  0022              	NOP
 153  0022              ;# 153 "f:\zccback\案例\tds\双路tds模块\显示模块\tds_disp\main.c" 1
 153  0022              	NOP
 153  0022              ;# 153 "f:\zccback\案例\tds\双路tds模块\显示模块\tds_disp\main.c" 1
 153  0022              	NOP
 153  0022              	ENDIF
 153  0022              ;# 153 "f:\zccback\案例\tds\双路tds模块\显示模块\tds_disp\main.c" 1
 153  0022              	IF (100<8) AND (100>3)
 153  0022              ;# 153 "f:\zccback\案例\tds\双路tds模块\显示模块\tds_disp\main.c" 1
 153  0022              	CALL __DELAY3 + 7 -100
 153  0022              	ENDIF
 153  0022              ;# 153 "f:\zccback\案例\tds\双路tds模块\显示模块\tds_disp\main.c" 1
 153  0022              	IF (100< 0404h) AND (100>7)
 153  0022              ;# 153 "f:\zccback\案例\tds\双路tds模块\显示模块\tds_disp\main.c" 1
 153  0022  0F18        	MOV A,100/4-1
 153  0023              ;# 153 "f:\zccback\案例\tds\双路tds模块\显示模块\tds_disp\main.c" 1
 153  0023  2000     E  	CALL __DELAYX3 + 3 -(100 MOD 4)
 153  0024              	ENDIF
 153  0024              ;# 153 "f:\zccback\案例\tds\双路tds模块\显示模块\tds_disp\main.c" 1
 153  0024              	IF (100< 0x40B) AND (100> 0403h)
 153  0024              ;# 153 "f:\zccback\案例\tds\双路tds模块\显示模块\tds_disp\main.c" 1
 153  0024              	MOV A,0 
 153  0024              ;# 153 "f:\zccback\案例\tds\双路tds模块\显示模块\tds_disp\main.c" 1
 153  0024              	CALL __DELAYX6 + 0x40a -100
 153  0024              	ENDIF
 153  0024              ;# 153 "f:\zccback\案例\tds\双路tds模块\显示模块\tds_disp\main.c" 1
 153  0024              	IF (100 >= 0x40b) AND ((((100-9)%0402h)/4+1)>256)
 153  0024              ;# 153 "f:\zccback\案例\tds\双路tds模块\显示模块\tds_disp\main.c" 1
 153  0024              	MOV A,(100-9)/0402h
 153  0024              ;# 153 "f:\zccback\案例\tds\双路tds模块\显示模块\tds_disp\main.c" 1
 153  0024              	MOV _builtin_holtek_delay_2,A
 153  0024              ;# 153 "f:\zccback\案例\tds\双路tds模块\显示模块\tds_disp\main.c" 1
 153  0024              	MOV A,0
 153  0024              ;# 153 "f:\zccback\案例\tds\双路tds模块\显示模块\tds_disp\main.c" 1
 153  0024              	CALL __DELAYY5 +5- (((100-9)%0402h)%6)
 153  0024              	ENDIF
 153  0024              ;# 153 "f:\zccback\案例\tds\双路tds模块\显示模块\tds_disp\main.c" 1
 153  0024              	IF (100 >= 0x40b) AND ((((100-9)%0402h)/4+1)<=256)
 153  0024              ;# 153 "f:\zccback\案例\tds\双路tds模块\显示模块\tds_disp\main.c" 1
文件：main.c       编译器版本 HGASM 0202 页次18

 153  0024              	MOV A,(100-9)/0402h
 153  0024              ;# 153 "f:\zccback\案例\tds\双路tds模块\显示模块\tds_disp\main.c" 1
 153  0024              	MOV _builtin_holtek_delay_2,A
 153  0024              ;# 153 "f:\zccback\案例\tds\双路tds模块\显示模块\tds_disp\main.c" 1
 153  0024              	MOV A,((100-9)%0402h)/4+1
 153  0024              ;# 153 "f:\zccback\案例\tds\双路tds模块\显示模块\tds_disp\main.c" 1
 153  0024              	CALL __DELAYY3 +3-(((100-9)%0402h)%4)
 153  0024              	ENDIF
 154  0024              #line 154 "f:\zccback\案例\tds\双路tds模块\显示模块\tds_disp\main.c"
 154  0024  0F00     E  	mov a,low offset _Tx_databuf
 154  0025  0300     E  	add a,ra
 154  0026  0083        	mov mp,a
 154  0027  0F00     E  	mov a,high offset _Tx_databuf
 154  0028  1F04        	clr sbp
 154  0029  1384        	adcm a,sbp
 154  002A  2000     E  	call _Crom2Prom
 154  002B  00D9        	mov [89],a
 155  002C              #line 155 "f:\zccback\案例\tds\双路tds模块\显示模块\tds_disp\main.c"
 155  002C  1480     E  	inc ra
 155  002D  2800     R  	jmp _L20
 155  002E              _L27:
 159  002E              #line 159 "f:\zccback\案例\tds\双路tds模块\显示模块\tds_disp\main.c"
 159  002E  2000     E  	call _Clear_Tx_databuf
 159  002F              _L18:
 159  002F              #pragma debug scope 12 1
 159  002F  0003        	ret
 159  0030              _SendData endp
 159  0030              #line 159 "f:\zccback\案例\tds\双路tds模块\显示模块\tds_disp\main.c"
 159  0030              #pragma debug scope 1 1
 159  0030              public _Rx_Data_Handle
 159  0030              #pragma debug scope 14 1
 165  0030              #line 165 "f:\zccback\案例\tds\双路tds模块\显示模块\tds_disp\main.c"
 165  0000              _Rx_Data_Handle .section 'code'
 165  0000              _Rx_Data_Handle proc
 165  0000  00              local _Rx_Data_Handle_2 db 1 dup(?)	; 0,1
 168  0001              #line 168 "f:\zccback\案例\tds\双路tds模块\显示模块\tds_disp\main.c"
 168  0000  0700     E  	mov a,_Rx_databuf[0]
 168  0001  0A55        	sub a,85
 168  0002  390A        	snz z
 168  0003  2800     R  	jmp _L28
 170  0004              #line 170 "f:\zccback\案例\tds\双路tds模块\显示模块\tds_disp\main.c"
 170  0004  0700     E  	mov a,_Rx_databuf[3]
 170  0005  0300     E  	add a,_Rx_databuf[2]
 170  0006  0080     E  	mov ra,a
 170  0007  0700     E  	mov a,_Rx_databuf[4]
 170  0008  0380     E  	addm a,ra
 170  0009  0700     E  	mov a,_Rx_databuf[5]
 170  000A  0380     E  	addm a,ra
 170  000B  0700     E  	mov a,_Rx_databuf[6]
 170  000C  0380     E  	addm a,ra
 170  000D  0700     E  	mov a,_Rx_databuf[7]
 170  000E  0380     E  	addm a,ra
 170  000F  0700     E  	mov a,_Rx_databuf[8]
 170  0010  0380     E  	addm a,ra
 170  0011  0700     E  	mov a,_Rx_databuf[9]
 170  0012  0380     E  	addm a,ra
 170  0013  0700     E  	mov a,_Rx_databuf[1]
 170  0014  0300     E  	add a,_Rx_databuf[0]
 170  0015  0080     E  	mov rb,a
 170  0016  0700     E  	mov a,rb
文件：main.c       编译器版本 HGASM 0202 页次19

 170  0017  0380     E  	addm a,ra
 171  0018              #line 171 "f:\zccback\案例\tds\双路tds模块\显示模块\tds_disp\main.c"
 171  0018  0700     E  	mov a,_Rx_databuf[10]
 171  0019  0200     E  	sub a,ra
 171  001A  390A        	snz z
 171  001B  2800     R  	jmp _L28
 173  001C              #line 173 "f:\zccback\案例\tds\双路tds模块\显示模块\tds_disp\main.c"
 173  001C  0700     E  	mov a,_Rx_databuf[2]
 173  001D  0080     R  	mov _Rx_Data_Handle_2[0],a
 173  001E  0700     R  	mov a,_Rx_Data_Handle_2[0]
 173  001F  0A83        	sub a,131
 173  0020  3D0A        	sz z
 173  0021  2800     R  	jmp _L31
 173  0022  0700     R  	mov a,_Rx_Data_Handle_2[0]
 173  0023  0A85        	sub a,133
 173  0024  390A        	snz z
 173  0025  2800     R  	jmp _L30
 173  0026  2800     R  	jmp _L35
 173  0027              _L31:
 176  0027              #line 176 "f:\zccback\案例\tds\双路tds模块\显示模块\tds_disp\main.c"
 176  0027  0700     R  	mov a,_calstep[0]
 176  0028  0080     R  	mov _Rx_Data_Handle_2[0],a
 176  0029  1080     R  	sz _Rx_Data_Handle_2[0]
 176  002A  2800     R  	jmp _L33
 177  002B              #line 177 "f:\zccback\案例\tds\双路tds模块\显示模块\tds_disp\main.c"
 177  002B  0F01        	mov a,1
 177  002C  0080     R  	mov _calstep[0],a
 177  002D  2800     R  	jmp _L30
 177  002E              _L33:
 178  002E              #line 178 "f:\zccback\案例\tds\双路tds模块\显示模块\tds_disp\main.c"
 178  002E  1700     R  	sdza _Rx_Data_Handle_2[0]
 178  002F  2800     R  	jmp _L30
 179  0030              #line 179 "f:\zccback\案例\tds\双路tds模块\显示模块\tds_disp\main.c"
 179  0030  0F02        	mov a,2
 179  0031  0080     R  	mov _calstep[0],a
 179  0032  2800     R  	jmp _L30
 179  0033              _L35:
 185  0033              #line 185 "f:\zccback\案例\tds\双路tds模块\显示模块\tds_disp\main.c"
 185  0033  1700     E  	sdza _Rx_databuf[3]
 185  0034  2800     R  	jmp _L34
 188  0035              #line 188 "f:\zccback\案例\tds\双路tds模块\显示模块\tds_disp\main.c"
 188  0035  0700     E  	mov a,_Rx_databuf[4]
 188  0036  0080     E  	mov rc,a
 188  0037  1F00     E  	clr rb
 189  0038              #line 189 "f:\zccback\案例\tds\双路tds模块\显示模块\tds_disp\main.c"
 189  0038  0700     E  	mov a,_Rx_databuf[5]
 189  0039  0380     E  	addm a,rb
 189  003A  3C0A        	sz c
 189  003B  1480     E  	inc rc
 190  003C              #line 190 "f:\zccback\案例\tds\双路tds模块\显示模块\tds_disp\main.c"
 190  003C  1F00     E  	clr _builtin_holtek_udivmodhi4_2[6]
 190  003D  0700     E  	mov a,rb  
 190  003E  0080     E  	mov _builtin_holtek_udivmodhi4_2[0],a  
 190  003F  0700     E  	mov a,rc  
 190  0040  0080     E  	mov _builtin_holtek_udivmodhi4_2[1],a
 190  0041  0F14        	mov a,20  
 190  0042  0080     E  	mov _builtin_holtek_udivmodhi4_2[2],a  
 190  0043  1F00     E  	clr _builtin_holtek_udivmodhi4_2[3]
 190  0044  2000     E  	call _builtin_holtek_udivmodhi4
 190  0045  0700     E  	mov a,_builtin_holtek_udivmodhi4_2[0]  
文件：main.c       编译器版本 HGASM 0202 页次20

 190  0046  0080     R  	mov _tds1[0],a  
 190  0047  0700     E  	mov a,_builtin_holtek_udivmodhi4_2[1]  
 190  0048  0080     R  	mov _tds1[1],a
 193  0049              #line 193 "f:\zccback\案例\tds\双路tds模块\显示模块\tds_disp\main.c"
 193  0049  0700     E  	mov a,_Rx_databuf[6]
 193  004A  0080     E  	mov rc,a
 193  004B  1F00     E  	clr rb
 194  004C              #line 194 "f:\zccback\案例\tds\双路tds模块\显示模块\tds_disp\main.c"
 194  004C  0700     E  	mov a,_Rx_databuf[7]
 194  004D  0300     E  	add a,rb
 194  004E  0080     R  	mov _temp1[0],a
 194  004F  1F05        	clr acc
 194  0050  1300     E  	adc a,rc
 194  0051  0080     R  	mov _temp1[1],a
 194  0052  2800     R  	jmp _L30
 194  0053              _L34:
 197  0053              #line 197 "f:\zccback\案例\tds\双路tds模块\显示模块\tds_disp\main.c"
 197  0053  0700     E  	mov a,_Rx_databuf[3]
 197  0054  0A02        	sub a,2
 197  0055  390A        	snz z
 197  0056  2800     R  	jmp _L30
 200  0057              #line 200 "f:\zccback\案例\tds\双路tds模块\显示模块\tds_disp\main.c"
 200  0057  0700     E  	mov a,_Rx_databuf[4]
 200  0058  0080     E  	mov rc,a
 200  0059  1F00     E  	clr rb
 201  005A              #line 201 "f:\zccback\案例\tds\双路tds模块\显示模块\tds_disp\main.c"
 201  005A  0700     E  	mov a,_Rx_databuf[5]
 201  005B  0380     E  	addm a,rb
 201  005C  3C0A        	sz c
 201  005D  1480     E  	inc rc
 202  005E              #line 202 "f:\zccback\案例\tds\双路tds模块\显示模块\tds_disp\main.c"
 202  005E  1F00     E  	clr _builtin_holtek_udivmodhi4_2[6]
 202  005F  0700     E  	mov a,rb  
 202  0060  0080     E  	mov _builtin_holtek_udivmodhi4_2[0],a  
 202  0061  0700     E  	mov a,rc  
 202  0062  0080     E  	mov _builtin_holtek_udivmodhi4_2[1],a
 202  0063  0F14        	mov a,20  
 202  0064  0080     E  	mov _builtin_holtek_udivmodhi4_2[2],a  
 202  0065  1F00     E  	clr _builtin_holtek_udivmodhi4_2[3]
 202  0066  2000     E  	call _builtin_holtek_udivmodhi4
 202  0067  0700     E  	mov a,_builtin_holtek_udivmodhi4_2[0]  
 202  0068  0080     R  	mov _tds2[0],a  
 202  0069  0700     E  	mov a,_builtin_holtek_udivmodhi4_2[1]  
 202  006A  0080     R  	mov _tds2[1],a
 205  006B              #line 205 "f:\zccback\案例\tds\双路tds模块\显示模块\tds_disp\main.c"
 205  006B  0700     E  	mov a,_Rx_databuf[6]
 205  006C  0080     E  	mov rc,a
 205  006D  1F00     E  	clr rb
 206  006E              #line 206 "f:\zccback\案例\tds\双路tds模块\显示模块\tds_disp\main.c"
 206  006E  0700     E  	mov a,_Rx_databuf[7]
 206  006F  0300     E  	add a,rb
 206  0070  0080     R  	mov _temp2[0],a
 206  0071  1F05        	clr acc
 206  0072  1300     E  	adc a,rc
 206  0073  0080     R  	mov _temp2[1],a
 206  0074              _L30:
 217  0074              #line 217 "f:\zccback\案例\tds\双路tds模块\显示模块\tds_disp\main.c"
 217  0074  2000     E  	call _Clear_Rx_databuf
 217  0075              _L28:
 217  0075  0003        	ret
文件：main.c       编译器版本 HGASM 0202 页次21

 217  0076              _Rx_Data_Handle endp
 217  0076              #line 217 "f:\zccback\案例\tds\双路tds模块\显示模块\tds_disp\main.c"
 217  0076              #pragma debug scope 1 1
 217  0076              ___mfi1 equ [77]
 217  0076              ___pc equ [65]
 217  0076              ___pa equ [20]
 217  0076              ___pb equ [37]
 217  0076              public _PTM_CTM_ISR
 217  0076              #pragma debug scope 15 1
 457  0076              #line 457 "f:\zccback\案例\tds\双路tds模块\显示模块\tds_disp\main.c"
 457  0000              @PTM_CTM_ISR_code .section at 16 'code'
 457  0000              ifdef INTERRUPT_DELAY
 457  0000              	nop
 457  0000              endif
 457  0000  0080     E  	mov r1,a
 457  0001  070A        	mov a,status
 457  0002              ifndef INTERRUPT_DELAY
 457  0002  0080     E  	mov r2,a
 457  0003              endif
 457  0003  2800     R  	jmp _PTM_CTM_ISR
 457  0004              #pragma debug scope 1 1
 457  0004              @dummy16 endp
 457  0004              #pragma debug scope 16 1
 457  0000              _PTM_CTM_ISR .section 'code'
 457  0000              _PTM_CTM_ISR proc
 457  0000  0002[       local _PTM_CTM_ISR_2 db 2 dup(?)
            00
            ]
 457  0000              ifdef INTERRUPT_DELAY
 457  0000              	mov r2,a
 457  0000              endif
 457  0000  0703        	mov a,mp
 457  0001  0080     E  	mov r3,a
 457  0002  0704        	mov a,sbp
 457  0003  0080     E  	mov r4,a
 457  0004  0707        	mov a,tblp
 457  0005  0080     E  	mov r5,a
 457  0006  0709        	mov a,tbhp
 457  0007  0080     E  	mov r6,a
 457  0008              #pragma debug variable 8 16 _PTM_CTM_ISR_2+1 "temp"
 463  0008              #line 463 "f:\zccback\案例\tds\双路tds模块\显示模块\tds_disp\main.c"
 463  0008  3BCD        	snz [77].7
 463  0009  2800     R  	jmp _L36
 465  000A              #line 465 "f:\zccback\案例\tds\双路tds模块\显示模块\tds_disp\main.c"
 465  000A  37CD        	clr [77].7
 467  000B              #line 467 "f:\zccback\案例\tds\双路tds模块\显示模块\tds_disp\main.c"
 467  000B  1400     R  	inca ___cnt10ms_2248[0]
 467  000C  0080     E  	mov ra,a
 467  000D  0F13        	mov a,19
 467  000E  0200     E  	sub a,ra
 467  000F  380A        	snz c
 467  0010  2800     R  	jmp _L39
 467  0011  0700     E  	mov a,ra
 467  0012  0080     R  	mov ___cnt10ms_2248[0],a
 467  0013  2800     R  	jmp _L40
 467  0014              _L39:
 469  0014              #line 469 "f:\zccback\案例\tds\双路tds模块\显示模块\tds_disp\main.c"
 469  0014  1F00     R  	clr ___cnt10ms_2248[0]
 470  0015              #line 470 "f:\zccback\案例\tds\双路tds模块\显示模块\tds_disp\main.c"
 470  0015  3000     R  	set _f10ms
文件：main.c       编译器版本 HGASM 0202 页次22

 470  0016              _L40:
 473  0016              #line 473 "f:\zccback\案例\tds\双路tds模块\显示模块\tds_disp\main.c"
 473  0016  1480     E  	inc _Uart_4msCnt[0]
 474  0017              #line 474 "f:\zccback\案例\tds\双路tds模块\显示模块\tds_disp\main.c"
 474  0017  0FC8        	mov a,200
 474  0018  0200     E  	sub a,_Uart_4msCnt[0]
 474  0019  3C0A        	sz c
 474  001A  2800     R  	jmp _L41
 476  001B              #line 476 "f:\zccback\案例\tds\双路tds模块\显示模块\tds_disp\main.c"
 476  001B  0FC8        	mov a,200
 476  001C  0080     E  	mov _Uart_4msCnt[0],a
 476  001D              _L41:
 478  001D              #line 478 "f:\zccback\案例\tds\双路tds模块\显示模块\tds_disp\main.c"
 478  001D  3441        	clr [65].0
 479  001E              #line 479 "f:\zccback\案例\tds\双路tds模块\显示模块\tds_disp\main.c"
 479  001E  34C1        	clr [65].1
 480  001F              #line 480 "f:\zccback\案例\tds\双路tds模块\显示模块\tds_disp\main.c"
 480  001F  3541        	clr [65].2
 481  0020              #line 481 "f:\zccback\案例\tds\双路tds模块\显示模块\tds_disp\main.c"
 481  0020  3641        	clr [65].4
 482  0021              #line 482 "f:\zccback\案例\tds\双路tds模块\显示模块\tds_disp\main.c"
 482  0021  36C1        	clr [65].5
 483  0022              #line 483 "f:\zccback\案例\tds\双路tds模块\显示模块\tds_disp\main.c"
 483  0022  3494        	clr [20].1
 484  0023              #line 484 "f:\zccback\案例\tds\双路tds模块\显示模块\tds_disp\main.c"
 484  0023  3594        	clr [20].3
 485  0024              #line 485 "f:\zccback\案例\tds\双路tds模块\显示模块\tds_disp\main.c"
 485  0024  3725        	clr [37].6
 486  0025              #line 486 "f:\zccback\案例\tds\双路tds模块\显示模块\tds_disp\main.c"
 486  0025  32A5        	set [37].5
 487  0026              #line 487 "f:\zccback\案例\tds\双路tds模块\显示模块\tds_disp\main.c"
 487  0026  3225        	set [37].4
 488  0027              #line 488 "f:\zccback\案例\tds\双路tds模块\显示模块\tds_disp\main.c"
 488  0027  31A5        	set [37].3
 489  0028              #line 489 "f:\zccback\案例\tds\双路tds模块\显示模块\tds_disp\main.c"
 489  0028  3394        	set [20].7
 490  0029              #line 490 "f:\zccback\案例\tds\双路tds模块\显示模块\tds_disp\main.c"
 490  0029  3314        	set [20].6
 491  002A              #line 491 "f:\zccback\案例\tds\双路tds模块\显示模块\tds_disp\main.c"
 491  002A  3294        	set [20].5
 492  002B              #line 492 "f:\zccback\案例\tds\双路tds模块\显示模块\tds_disp\main.c"
 492  002B  3214        	set [20].4
 493  002C              #line 493 "f:\zccback\案例\tds\双路tds模块\显示模块\tds_disp\main.c"
 493  002C  3125        	set [37].2
 496  002D              #line 496 "f:\zccback\案例\tds\双路tds模块\显示模块\tds_disp\main.c"
 496  002D  1400     R  	inca ___gap_2249[0]
 496  002E  0080     E  	mov ra,a
 496  002F  0700     E  	mov a,ra
 496  0030  0080     R  	mov ___gap_2249[0],a
 496  0031  0F03        	mov a,3
 496  0032  0200     E  	sub a,ra
 496  0033  3C0A        	sz c
 496  0034  2800     R  	jmp _L36
 498  0035              #line 498 "f:\zccback\案例\tds\双路tds模块\显示模块\tds_disp\main.c"
 498  0035  1F00     R  	clr ___gap_2249[0]
 499  0036              #line 499 "f:\zccback\案例\tds\双路tds模块\显示模块\tds_disp\main.c"
 499  0036  0700     R  	mov a,___cnt_2247[0]
 499  0037  0080     R  	mov _PTM_CTM_ISR_2[0],a
 499  0038  0F00     R  	mov a,low offset _dispbuff
 499  0039  0300     R  	add a,_PTM_CTM_ISR_2[0]
文件：main.c       编译器版本 HGASM 0202 页次23

 499  003A  0083        	mov mp,a
 499  003B  0F00     R  	mov a,high offset _dispbuff
 499  003C  1F04        	clr sbp
 499  003D  1384        	adcm a,sbp
 499  003E  2000     E  	call _Crom2Prom
 499  003F  0080     R  	mov _PTM_CTM_ISR_2[1],a
 501  0040              #line 501 "f:\zccback\案例\tds\双路tds模块\显示模块\tds_disp\main.c"
 501  0040  3800     R  	snz _PTM_CTM_ISR_2[1].0
 501  0041  2800     R  	jmp _L43
 501  0042  3041        	set [65].0
 501  0043  2800     R  	jmp _L44
 501  0044              _L43:
 501  0044  3441        	clr [65].0
 501  0045              _L44:
 502  0045              #line 502 "f:\zccback\案例\tds\双路tds模块\显示模块\tds_disp\main.c"
 502  0045  3800     R  	snz _PTM_CTM_ISR_2[1].1
 502  0046  2800     R  	jmp _L45
 502  0047  30C1        	set [65].1
 502  0048  2800     R  	jmp _L46
 502  0049              _L45:
 502  0049  34C1        	clr [65].1
 502  004A              _L46:
 503  004A              #line 503 "f:\zccback\案例\tds\双路tds模块\显示模块\tds_disp\main.c"
 503  004A  3800     R  	snz _PTM_CTM_ISR_2[1].2
 503  004B  2800     R  	jmp _L47
 503  004C  3141        	set [65].2
 503  004D  2800     R  	jmp _L48
 503  004E              _L47:
 503  004E  3541        	clr [65].2
 503  004F              _L48:
 504  004F              #line 504 "f:\zccback\案例\tds\双路tds模块\显示模块\tds_disp\main.c"
 504  004F  3800     R  	snz _PTM_CTM_ISR_2[1].3
 504  0050  2800     R  	jmp _L49
 504  0051  3241        	set [65].4
 504  0052  2800     R  	jmp _L50
 504  0053              _L49:
 504  0053  3641        	clr [65].4
 504  0054              _L50:
 505  0054              #line 505 "f:\zccback\案例\tds\双路tds模块\显示模块\tds_disp\main.c"
 505  0054  3800     R  	snz _PTM_CTM_ISR_2[1].4
 505  0055  2800     R  	jmp _L51
 505  0056  32C1        	set [65].5
 505  0057  2800     R  	jmp _L52
 505  0058              _L51:
 505  0058  36C1        	clr [65].5
 505  0059              _L52:
 506  0059              #line 506 "f:\zccback\案例\tds\双路tds模块\显示模块\tds_disp\main.c"
 506  0059  3800     R  	snz _PTM_CTM_ISR_2[1].5
 506  005A  2800     R  	jmp _L53
 506  005B  3094        	set [20].1
 506  005C  2800     R  	jmp _L54
 506  005D              _L53:
 506  005D  3494        	clr [20].1
 506  005E              _L54:
 507  005E              #line 507 "f:\zccback\案例\tds\双路tds模块\显示模块\tds_disp\main.c"
 507  005E  3800     R  	snz _PTM_CTM_ISR_2[1].6
 507  005F  2800     R  	jmp _L55
 507  0060  3194        	set [20].3
 507  0061  2800     R  	jmp _L56
 507  0062              _L55:
文件：main.c       编译器版本 HGASM 0202 页次24

 507  0062  3594        	clr [20].3
 507  0063              _L56:
 508  0063              #line 508 "f:\zccback\案例\tds\双路tds模块\显示模块\tds_disp\main.c"
 508  0063  3800     R  	snz _PTM_CTM_ISR_2[1].7
 508  0064  2800     R  	jmp _L57
 508  0065  3325        	set [37].6
 508  0066  2800     R  	jmp _L58
 508  0067              _L57:
 508  0067  3725        	clr [37].6
 508  0068              _L58:
 510  0068              #line 510 "f:\zccback\案例\tds\双路tds模块\显示模块\tds_disp\main.c"
 510  0068  0700     R  	mov a,_PTM_CTM_ISR_2[0]
 510  0069  0A00        	sub a,0
 510  006A  3D0A        	sz z
 510  006B  2800     R  	jmp _L59
 510  006C  0A01        	sub a,(1)-(0)
 510  006D  3D0A        	sz z
 510  006E  2800     R  	jmp _L60
 510  006F  0700     R  	mov a,_PTM_CTM_ISR_2[0]
 510  0070  0A02        	sub a,2
 510  0071  3D0A        	sz z
 510  0072  2800     R  	jmp _L61
 510  0073  0A01        	sub a,(3)-(2)
 510  0074  3D0A        	sz z
 510  0075  2800     R  	jmp _L62
 510  0076  0700     R  	mov a,_PTM_CTM_ISR_2[0]
 510  0077  0A04        	sub a,4
 510  0078  3D0A        	sz z
 510  0079  2800     R  	jmp _L63
 510  007A  0A01        	sub a,(5)-(4)
 510  007B  3D0A        	sz z
 510  007C  2800     R  	jmp _L64
 510  007D  0700     R  	mov a,_PTM_CTM_ISR_2[0]
 510  007E  0A06        	sub a,6
 510  007F  3D0A        	sz z
 510  0080  2800     R  	jmp _L65
 510  0081  0700     R  	mov a,_PTM_CTM_ISR_2[0]
 510  0082  0A07        	sub a,7
 510  0083  390A        	snz z
 510  0084  2800     R  	jmp _L36
 519  0085              #line 519 "f:\zccback\案例\tds\双路tds模块\显示模块\tds_disp\main.c"
 519  0085  3525        	clr [37].2
 519  0086  1F00     R  	clr ___cnt_2247[0]
 519  0087  2800     R  	jmp _L36
 519  0088              _L59:
 512  0088              #line 512 "f:\zccback\案例\tds\双路tds模块\显示模块\tds_disp\main.c"
 512  0088  36A5        	clr [37].5
 512  0089  0F01        	mov a,1
 512  008A  0080     R  	mov ___cnt_2247[0],a
 512  008B  2800     R  	jmp _L36
 512  008C              _L60:
 513  008C              #line 513 "f:\zccback\案例\tds\双路tds模块\显示模块\tds_disp\main.c"
 513  008C  3625        	clr [37].4
 513  008D  0F02        	mov a,2
 513  008E  0080     R  	mov ___cnt_2247[0],a
 513  008F  2800     R  	jmp _L36
 513  0090              _L61:
 514  0090              #line 514 "f:\zccback\案例\tds\双路tds模块\显示模块\tds_disp\main.c"
 514  0090  35A5        	clr [37].3
 514  0091  0F03        	mov a,3
文件：main.c       编译器版本 HGASM 0202 页次25

 514  0092  0080     R  	mov ___cnt_2247[0],a
 514  0093  2800     R  	jmp _L36
 514  0094              _L62:
 515  0094              #line 515 "f:\zccback\案例\tds\双路tds模块\显示模块\tds_disp\main.c"
 515  0094  3794        	clr [20].7
 515  0095  0F04        	mov a,4
 515  0096  0080     R  	mov ___cnt_2247[0],a
 515  0097  2800     R  	jmp _L36
 515  0098              _L63:
 516  0098              #line 516 "f:\zccback\案例\tds\双路tds模块\显示模块\tds_disp\main.c"
 516  0098  3714        	clr [20].6
 516  0099  0F05        	mov a,5
 516  009A  0080     R  	mov ___cnt_2247[0],a
 516  009B  2800     R  	jmp _L36
 516  009C              _L64:
 517  009C              #line 517 "f:\zccback\案例\tds\双路tds模块\显示模块\tds_disp\main.c"
 517  009C  3694        	clr [20].5
 517  009D  0F06        	mov a,6
 517  009E  0080     R  	mov ___cnt_2247[0],a
 517  009F  2800     R  	jmp _L36
 517  00A0              _L65:
 518  00A0              #line 518 "f:\zccback\案例\tds\双路tds模块\显示模块\tds_disp\main.c"
 518  00A0  3614        	clr [20].4
 518  00A1  0F07        	mov a,7
 518  00A2  0080     R  	mov ___cnt_2247[0],a
 518  00A3              _L36:
 518  00A3  0700     E  	mov a,r2
 518  00A4  008A        	mov status,a
 518  00A5  0700     E  	mov a,r3
 518  00A6  0083        	mov mp,a
 518  00A7  0700     E  	mov a,r4
 518  00A8  0084        	mov sbp,a
 518  00A9  0700     E  	mov a,r5
 518  00AA  0087        	mov tblp,a
 518  00AB  0700     E  	mov a,r6
 518  00AC  0089        	mov tbhp,a
 518  00AD  1D05        	tabrdc acc
 518  00AE  0700     E  	mov a,r1
 518  00AF  0004        	reti
 518  00B0              _PTM_CTM_ISR endp
 518  00B0              
 518  00B0              #line 518 "f:\zccback\案例\tds\双路tds模块\显示模块\tds_disp\main.c"
 518  00B0              #pragma debug scope 1 1
 518  00B0              public _getkey
 518  00B0              #pragma debug scope 17 1
 526  00B0              #line 526 "f:\zccback\案例\tds\双路tds模块\显示模块\tds_disp\main.c"
 526  0000              _getkey .section 'code'
 526  0000              _getkey proc
 527  0000              #line 527 "f:\zccback\案例\tds\双路tds模块\显示模块\tds_disp\main.c"
 527  0000  3825        	snz [37].0
 527  0001  2800     R  	jmp _L69
 528  0002              #line 528 "f:\zccback\案例\tds\双路tds模块\显示模块\tds_disp\main.c"
 528  0002  3CA5        	sz [37].1
 528  0003  2800     R  	jmp _L70
 528  0004  0F02        	mov a,2
 528  0005  0080     E  	mov ra,a
 528  0006  2800     R  	jmp _L68
 528  0007              _L69:
 527  0007              #line 527 "f:\zccback\案例\tds\双路tds模块\显示模块\tds_disp\main.c"
 527  0007  0F01        	mov a,1
文件：main.c       编译器版本 HGASM 0202 页次26

 527  0008  0080     E  	mov ra,a
 527  0009  2800     R  	jmp _L68
 527  000A              _L70:
 530  000A              #line 530 "f:\zccback\案例\tds\双路tds模块\显示模块\tds_disp\main.c"
 530  000A  1F00     E  	clr ra
 530  000B              _L68:
 531  000B              #line 531 "f:\zccback\案例\tds\双路tds模块\显示模块\tds_disp\main.c"
 531  000B  0700     E  	mov a,ra
 531  000C  0003        	ret
 531  000D              _getkey endp
 531  000D              #line 531 "f:\zccback\案例\tds\双路tds模块\显示模块\tds_disp\main.c"
 531  000D              #pragma debug scope 1 1
 531  000D              public _KeyScan
 531  000D              #pragma debug scope 18 1
 534  000D              #line 534 "f:\zccback\案例\tds\双路tds模块\显示模块\tds_disp\main.c"
 534  0000              _KeyScan .section 'code'
 534  0000              _KeyScan proc
 534  0000  00              local _KeyScan_2 db 1 dup(?)	; 0,1
 537  0001              #line 537 "f:\zccback\案例\tds\双路tds模块\显示模块\tds_disp\main.c"
 537  0000  2000     R  	call _getkey
 537  0001  0080     R  	mov _KeyScan_2[0],a
 537  0002  0080     R  	mov ___temp_2264[0],a
 538  0003              #line 538 "f:\zccback\案例\tds\双路tds模块\显示模块\tds_disp\main.c"
 538  0003  0700     R  	mov a,_KeyStatus[0]
 538  0004  0A00        	sub a,0
 538  0005  3D0A        	sz z
 538  0006  2800     R  	jmp _L73
 538  0007  0A01        	sub a,(1)-(0)
 538  0008  3D0A        	sz z
 538  0009  2800     R  	jmp _L74
 538  000A              #line 538 "f:\zccback\案例\tds\双路tds模块\显示模块\tds_disp\main.c"
 538  000A  0700     R  	mov a,_KeyStatus[0]
 538  000B  0A02        	sub a,2
 538  000C  3D0A        	sz z
 538  000D  2800     R  	jmp _L75
 538  000E  0700     R  	mov a,_KeyStatus[0]
 538  000F  0A03        	sub a,3
 538  0010  390A        	snz z
 538  0011  2800     R  	jmp _L88
 538  0012  2800     R  	jmp _L89
 538  0013              _L73:
 542  0013              #line 542 "f:\zccback\案例\tds\双路tds模块\显示模块\tds_disp\main.c"
 542  0013  1E00     R  	snz _KeyScan_2[0]
 542  0014  2800     R  	jmp _L71
 545  0015              #line 545 "f:\zccback\案例\tds\双路tds模块\显示模块\tds_disp\main.c"
 545  0015  0F01        	mov a,1
 545  0016  0080     R  	mov _KeyStatus[0],a
 545  0017  2800     R  	jmp _L71
 545  0018              _L74:
 549  0018              #line 549 "f:\zccback\案例\tds\双路tds模块\显示模块\tds_disp\main.c"
 549  0018  1E00     R  	snz _KeyScan_2[0]
 549  0019  2800     R  	jmp _L88
 551  001A              #line 551 "f:\zccback\案例\tds\双路tds模块\显示模块\tds_disp\main.c"
 551  001A  0700     R  	mov a,_KeyScan_2[0]
 551  001B  0080     R  	mov _KeyVal[0],a
 552  001C              #line 552 "f:\zccback\案例\tds\双路tds模块\显示模块\tds_disp\main.c"
 552  001C  0F01        	mov a,1
 552  001D  0080     R  	mov _KeyPress[0],a
 553  001E              #line 553 "f:\zccback\案例\tds\双路tds模块\显示模块\tds_disp\main.c"
 553  001E  0F02        	mov a,2
文件：main.c       编译器版本 HGASM 0202 页次27

 553  001F  0080     R  	mov _KeyStatus[0],a
 553  0020  2800     R  	jmp _L71
 553  0021              _L75:
 562  0021              #line 562 "f:\zccback\案例\tds\双路tds模块\显示模块\tds_disp\main.c"
 562  0021  1E00     R  	snz _KeyScan_2[0]
 562  0022  2800     R  	jmp _L80
 564  0023              #line 564 "f:\zccback\案例\tds\双路tds模块\显示模块\tds_disp\main.c"
 564  0023  0700     R  	mov a,_KeyScan_2[0]
 564  0024  0080     R  	mov _KeyVal[0],a
 565  0025              #line 565 "f:\zccback\案例\tds\双路tds模块\显示模块\tds_disp\main.c"
 565  0025  0F01        	mov a,1
 565  0026  0300     R  	add a,_KeyCnt[0]
 565  0027  0080     E  	mov rb,a
 565  0028  0F00        	mov a,0
 565  0029  1300     R  	adc a,_KeyCnt[1]
 565  002A  0080     E  	mov rc,a
 565  002B  0700     E  	mov a,rb
 565  002C  0080     R  	mov _KeyCnt[0],a
 565  002D  0700     E  	mov a,rc
 565  002E  0080     R  	mov _KeyCnt[1],a
 565  002F  0700     E  	mov a,rb
 565  0030  0C50        	xor a,80
 565  0031  0500     E  	or a,rc
 565  0032  390A        	snz z
 565  0033  2800     R  	jmp _L71
 567  0034              #line 567 "f:\zccback\案例\tds\双路tds模块\显示模块\tds_disp\main.c"
 567  0034  0F02        	mov a,2
 567  0035  0080     R  	mov _KeyPress[0],a
 568  0036              #line 568 "f:\zccback\案例\tds\双路tds模块\显示模块\tds_disp\main.c"
 568  0036  1F00     R  	clr _KeyCnt[0]
 568  0037  1F00     R  	clr _KeyCnt[1]
 569  0038              #line 569 "f:\zccback\案例\tds\双路tds模块\显示模块\tds_disp\main.c"
 569  0038  0F03        	mov a,3
 569  0039  0080     R  	mov _KeyStatus[0],a
 569  003A  2800     R  	jmp _L71
 569  003B              _L80:
 574  003B              #line 574 "f:\zccback\案例\tds\双路tds模块\显示模块\tds_disp\main.c"
 574  003B  0F03        	mov a,3
 574  003C  0080     R  	mov _KeyPress[0],a
 575  003D              #line 575 "f:\zccback\案例\tds\双路tds模块\显示模块\tds_disp\main.c"
 575  003D  1F00     R  	clr _KeyCnt[0]
 575  003E  1F00     R  	clr _KeyCnt[1]
 575  003F  2800     R  	jmp _L88
 575  0040              _L89:
 583  0040              #line 583 "f:\zccback\案例\tds\双路tds模块\显示模块\tds_disp\main.c"
 583  0040  1080     R  	sz _KeyScan_2[0]
 583  0041  2800     R  	jmp _L71
 583  0042              _L88:
 588  0042              #line 588 "f:\zccback\案例\tds\双路tds模块\显示模块\tds_disp\main.c"
 588  0042  1F00     R  	clr _KeyStatus[0]
 588  0043              _L71:
 588  0043  0003        	ret
 588  0044              _KeyScan endp
 588  0044              #line 588 "f:\zccback\案例\tds\双路tds模块\显示模块\tds_disp\main.c"
 588  0044              #pragma debug scope 1 1
 588  0044              ___sledc0 equ [79]
 588  0044              ___sledc1 equ [80]
 588  0044              public _main
 588  0044              #pragma debug scope 19 1
 225  0044              #line 225 "f:\zccback\案例\tds\双路tds模块\显示模块\tds_disp\main.c"
文件：main.c       编译器版本 HGASM 0202 页次28

 225  0044              IFDEF WITH_DEFAULT_STARTUP
 225  0044              extern _main_initial0:near
 225  0044              extern _main_startup:near
 225  0044              ENDIF
 225  0044              
 225  0044              ROMBANK 0 @start
 225  0000              @start .section com_l 'code'
 225  0000              _main_startup1:
 225  0000              @start .section com_e 'code'
 225  0000  2800     R  	jmp _main
 225  0001              
 225  0000              _main .section 'code'
 225  0000              _main proc
 225  0000  00              local _main_2 db 1 dup(?)
 228  0001              #line 228 "f:\zccback\案例\tds\双路tds模块\显示模块\tds_disp\main.c"
 228  0000  2000     E  	call _System_Init
 229  0001              #line 229 "f:\zccback\案例\tds\双路tds模块\显示模块\tds_disp\main.c"
 229  0001  2000     E  	call _System_Setting
 230  0002              #line 230 "f:\zccback\案例\tds\双路tds模块\显示模块\tds_disp\main.c"
 230  0002              ;# 230 "f:\zccback\案例\tds\双路tds模块\显示模块\tds_disp\main.c" 1
 230  0002              	IF 4000>263690
 230  0002              ;# 230 "f:\zccback\案例\tds\双路tds模块\显示模块\tds_disp\main.c" 1
 230  0002              	ERRMESSAGE 'the value 4000of the argument exceeds the maxinum 263690'
 230  0002              	ENDIF
 230  0002              ;# 230 "f:\zccback\案例\tds\双路tds模块\显示模块\tds_disp\main.c" 1
 230  0002              	IF 4000<0
 230  0002              ;# 230 "f:\zccback\案例\tds\双路tds模块\显示模块\tds_disp\main.c" 1
 230  0002              	ERRMESSAGE 'the value 4000 of the argument exceeds the mininum 0'
 230  0002              	ENDIF
 230  0002              ;# 230 "f:\zccback\案例\tds\双路tds模块\显示模块\tds_disp\main.c" 1
 230  0002              	IF 4000==0
 230  0002              ;# 230 "f:\zccback\案例\tds\双路tds模块\显示模块\tds_disp\main.c" 1
 230  0002              	JMP $
 230  0002              	ENDIF
 230  0002              ;# 230 "f:\zccback\案例\tds\双路tds模块\显示模块\tds_disp\main.c" 1
 230  0002              	IF 4000==1
 230  0002              ;# 230 "f:\zccback\案例\tds\双路tds模块\显示模块\tds_disp\main.c" 1
 230  0002              	NOP
 230  0002              	ENDIF
 230  0002              ;# 230 "f:\zccback\案例\tds\双路tds模块\显示模块\tds_disp\main.c" 1
 230  0002              	IF 4000==2
 230  0002              ;# 230 "f:\zccback\案例\tds\双路tds模块\显示模块\tds_disp\main.c" 1
 230  0002              	NOP
 230  0002              ;# 230 "f:\zccback\案例\tds\双路tds模块\显示模块\tds_disp\main.c" 1
 230  0002              	NOP
 230  0002              	ENDIF
 230  0002              ;# 230 "f:\zccback\案例\tds\双路tds模块\显示模块\tds_disp\main.c" 1
 230  0002              	IF 4000==3
 230  0002              ;# 230 "f:\zccback\案例\tds\双路tds模块\显示模块\tds_disp\main.c" 1
 230  0002              	NOP
 230  0002              ;# 230 "f:\zccback\案例\tds\双路tds模块\显示模块\tds_disp\main.c" 1
 230  0002              	NOP
 230  0002              ;# 230 "f:\zccback\案例\tds\双路tds模块\显示模块\tds_disp\main.c" 1
 230  0002              	NOP
 230  0002              	ENDIF
 230  0002              ;# 230 "f:\zccback\案例\tds\双路tds模块\显示模块\tds_disp\main.c" 1
 230  0002              	IF (4000<8) AND (4000>3)
 230  0002              ;# 230 "f:\zccback\案例\tds\双路tds模块\显示模块\tds_disp\main.c" 1
 230  0002              	CALL __DELAY3 + 7 -4000
 230  0002              	ENDIF
文件：main.c       编译器版本 HGASM 0202 页次29

 230  0002              ;# 230 "f:\zccback\案例\tds\双路tds模块\显示模块\tds_disp\main.c" 1
 230  0002              	IF (4000< 0404h) AND (4000>7)
 230  0002              ;# 230 "f:\zccback\案例\tds\双路tds模块\显示模块\tds_disp\main.c" 1
 230  0002              	MOV A,4000/4-1
 230  0002              ;# 230 "f:\zccback\案例\tds\双路tds模块\显示模块\tds_disp\main.c" 1
 230  0002              	CALL __DELAYX3 + 3 -(4000 MOD 4)
 230  0002              	ENDIF
 230  0002              ;# 230 "f:\zccback\案例\tds\双路tds模块\显示模块\tds_disp\main.c" 1
 230  0002              	IF (4000< 0x40B) AND (4000> 0403h)
 230  0002              ;# 230 "f:\zccback\案例\tds\双路tds模块\显示模块\tds_disp\main.c" 1
 230  0002              	MOV A,0 
 230  0002              ;# 230 "f:\zccback\案例\tds\双路tds模块\显示模块\tds_disp\main.c" 1
 230  0002              	CALL __DELAYX6 + 0x40a -4000
 230  0002              	ENDIF
 230  0002              ;# 230 "f:\zccback\案例\tds\双路tds模块\显示模块\tds_disp\main.c" 1
 230  0002              	IF (4000 >= 0x40b) AND ((((4000-9)%0402h)/4+1)>256)
 230  0002              ;# 230 "f:\zccback\案例\tds\双路tds模块\显示模块\tds_disp\main.c" 1
 230  0002              	MOV A,(4000-9)/0402h
 230  0002              ;# 230 "f:\zccback\案例\tds\双路tds模块\显示模块\tds_disp\main.c" 1
 230  0002              	MOV _builtin_holtek_delay_2,A
 230  0002              ;# 230 "f:\zccback\案例\tds\双路tds模块\显示模块\tds_disp\main.c" 1
 230  0002              	MOV A,0
 230  0002              ;# 230 "f:\zccback\案例\tds\双路tds模块\显示模块\tds_disp\main.c" 1
 230  0002              	CALL __DELAYY5 +5- (((4000-9)%0402h)%6)
 230  0002              	ENDIF
 230  0002              ;# 230 "f:\zccback\案例\tds\双路tds模块\显示模块\tds_disp\main.c" 1
 230  0002              	IF (4000 >= 0x40b) AND ((((4000-9)%0402h)/4+1)<=256)
 230  0002              ;# 230 "f:\zccback\案例\tds\双路tds模块\显示模块\tds_disp\main.c" 1
 230  0002  0F03        	MOV A,(4000-9)/0402h
 230  0003              ;# 230 "f:\zccback\案例\tds\双路tds模块\显示模块\tds_disp\main.c" 1
 230  0003  0080     E  	MOV _builtin_holtek_delay_2,A
 230  0004              ;# 230 "f:\zccback\案例\tds\双路tds模块\显示模块\tds_disp\main.c" 1
 230  0004  0FE5        	MOV A,((4000-9)%0402h)/4+1
 230  0005              ;# 230 "f:\zccback\案例\tds\双路tds模块\显示模块\tds_disp\main.c" 1
 230  0005  2000     E  	CALL __DELAYY3 +3-(((4000-9)%0402h)%4)
 230  0006              	ENDIF
 231  0006              #line 231 "f:\zccback\案例\tds\双路tds模块\显示模块\tds_disp\main.c"
 231  0006  3400     E  	clr _F_UART
 234  0007              #line 234 "f:\zccback\案例\tds\双路tds模块\显示模块\tds_disp\main.c"
 234  0007  1F4F        	clr [79]
 235  0008              #line 235 "f:\zccback\案例\tds\双路tds模块\显示模块\tds_disp\main.c"
 235  0008  1F50        	clr [80]
 235  0009              _L94:
 241  0009              #line 241 "f:\zccback\案例\tds\双路tds模块\显示模块\tds_disp\main.c"
 241  0009              ;# 241 "f:\zccback\案例\tds\双路tds模块\显示模块\tds_disp\main.c" 1
 241  0009  0001        	clr wdt
 243  000A              #line 243 "f:\zccback\案例\tds\双路tds模块\显示模块\tds_disp\main.c"
 243  000A  0F64        	mov a,100
 243  000B  0200     E  	sub a,_Uart_4msCnt[0]
 243  000C  3C0A        	sz c
 243  000D  2800     R  	jmp _L92
 245  000E              #line 245 "f:\zccback\案例\tds\双路tds模块\显示模块\tds_disp\main.c"
 245  000E  1F00     E  	clr _Uart_4msCnt[0]
 246  000F              #line 246 "f:\zccback\案例\tds\双路tds模块\显示模块\tds_disp\main.c"
 246  000F  1F00     E  	clr _Rx_Count[0]
 247  0010              #line 247 "f:\zccback\案例\tds\双路tds模块\显示模块\tds_disp\main.c"
 247  0010  2000     R  	call _Rx_Data_Handle
 247  0011              _L92:
 249  0011              #line 249 "f:\zccback\案例\tds\双路tds模块\显示模块\tds_disp\main.c"
 249  0011  2000     R  	call _SendData
文件：main.c       编译器版本 HGASM 0202 页次30

 251  0012              #line 251 "f:\zccback\案例\tds\双路tds模块\显示模块\tds_disp\main.c"
 251  0012  3800     R  	snz _f10ms
 251  0013  2800     R  	jmp _L94
 253  0014              #line 253 "f:\zccback\案例\tds\双路tds模块\显示模块\tds_disp\main.c"
 253  0014  3400     R  	clr _f10ms
 255  0015              #line 255 "f:\zccback\案例\tds\双路tds模块\显示模块\tds_disp\main.c"
 255  0015  1400     R  	inca _cnt500ms[0]
 255  0016  0080     E  	mov ra,a
 255  0017  0F31        	mov a,49
 255  0018  0200     E  	sub a,ra
 255  0019  380A        	snz c
 255  001A  2800     R  	jmp _L95
 255  001B  0700     E  	mov a,ra
 255  001C  0080     R  	mov _cnt500ms[0],a
 255  001D  2800     R  	jmp _L96
 255  001E              _L95:
 257  001E              #line 257 "f:\zccback\案例\tds\双路tds模块\显示模块\tds_disp\main.c"
 257  001E  1F00     R  	clr _cnt500ms[0]
 258  001F              #line 258 "f:\zccback\案例\tds\双路tds模块\显示模块\tds_disp\main.c"
 258  001F  1400     R  	inca _cnt5s[0]
 258  0020  0080     E  	mov ra,a
 258  0021  0F09        	mov a,9
 258  0022  0200     E  	sub a,ra
 258  0023  380A        	snz c
 258  0024  2800     R  	jmp _L97
 258  0025  0700     E  	mov a,ra
 258  0026  0080     R  	mov _cnt5s[0],a
 258  0027  2800     R  	jmp _L98
 258  0028              _L97:
 260  0028              #line 260 "f:\zccback\案例\tds\双路tds模块\显示模块\tds_disp\main.c"
 260  0028  1F00     R  	clr _cnt5s[0]
 261  0029              #line 261 "f:\zccback\案例\tds\双路tds模块\显示模块\tds_disp\main.c"
 261  0029  3C00     R  	sz _loop
 261  002A  2800     R  	jmp _LI1
 261  002B  3000     R  	set _loop
 261  002C  2800     R  	jmp _LI2
 261  002D              _LI1:
 261  002D  3400     R  	clr _loop
 261  002E              _LI2:
 261  002E              _L98:
 264  002E              #line 264 "f:\zccback\案例\tds\双路tds模块\显示模块\tds_disp\main.c"
 264  002E  3000     R  	set _f500ms
 265  002F              #line 265 "f:\zccback\案例\tds\双路tds模块\显示模块\tds_disp\main.c"
 265  002F  3C00     R  	sz _flash
 265  0030  2800     R  	jmp _LI3
 265  0031  3000     R  	set _flash
 265  0032  2800     R  	jmp _LI4
 265  0033              _LI3:
 265  0033  3400     R  	clr _flash
 265  0034              _LI4:
 265  0034              _L96:
 269  0034              #line 269 "f:\zccback\案例\tds\双路tds模块\显示模块\tds_disp\main.c"
 269  0034  2000     R  	call _KeyScan
 271  0035              #line 271 "f:\zccback\案例\tds\双路tds模块\显示模块\tds_disp\main.c"
 271  0035  1E00     R  	snz _workmode[0]
 271  0036  2800     R  	jmp _L100
 271  0037  1700     R  	sdza _workmode[0]
 271  0038  2800     R  	jmp _L99
 271  0039  2800     R  	jmp _L134
 271  003A              _L100:
文件：main.c       编译器版本 HGASM 0202 页次31

 274  003A              #line 274 "f:\zccback\案例\tds\双路tds模块\显示模块\tds_disp\main.c"
 274  003A  3800     R  	snz _f500ms
 274  003B  2800     R  	jmp _L102
 276  003C              #line 276 "f:\zccback\案例\tds\双路tds模块\显示模块\tds_disp\main.c"
 276  003C  3400     R  	clr _f500ms
 277  003D              #line 277 "f:\zccback\案例\tds\双路tds模块\显示模块\tds_disp\main.c"
 277  003D  3800     R  	snz _flash
 277  003E  2800     R  	jmp _L103
 279  003F              #line 279 "f:\zccback\案例\tds\双路tds模块\显示模块\tds_disp\main.c"
 279  003F  0F05        	mov a,5
 279  0040  0080     E  	mov _Tx_databuf[2],a
 280  0041              #line 280 "f:\zccback\案例\tds\双路tds模块\显示模块\tds_disp\main.c"
 280  0041  0F01        	mov a,1
 280  0042  0080     E  	mov _Tx_databuf[3],a
 280  0043  2800     R  	jmp _L129
 280  0044              _L103:
 287  0044              #line 287 "f:\zccback\案例\tds\双路tds模块\显示模块\tds_disp\main.c"
 287  0044  0F05        	mov a,5
 287  0045  0080     E  	mov _Tx_databuf[2],a
 288  0046              #line 288 "f:\zccback\案例\tds\双路tds模块\显示模块\tds_disp\main.c"
 288  0046  0F02        	mov a,2
 288  0047  0080     E  	mov _Tx_databuf[3],a
 288  0048              _L129:
 289  0048              #line 289 "f:\zccback\案例\tds\双路tds模块\显示模块\tds_disp\main.c"
 289  0048  1F00     E  	clr _Tx_databuf[4]
 290  0049              #line 290 "f:\zccback\案例\tds\双路tds模块\显示模块\tds_disp\main.c"
 290  0049  1F00     E  	clr _Tx_databuf[5]
 291  004A              #line 291 "f:\zccback\案例\tds\双路tds模块\显示模块\tds_disp\main.c"
 291  004A  1F00     E  	clr _Tx_databuf[6]
 293  004B              #line 293 "f:\zccback\案例\tds\双路tds模块\显示模块\tds_disp\main.c"
 293  004B  3000     E  	set _F_UART
 293  004C              _L102:
 296  004C              #line 296 "f:\zccback\案例\tds\双路tds模块\显示模块\tds_disp\main.c"
 296  004C  0700     R  	mov a,_dispmode[0]
 296  004D  0A00        	sub a,0
 296  004E  3D0A        	sz z
 296  004F  2800     R  	jmp _L133
 296  0050  0A01        	sub a,(1)-(0)
 296  0051  3D0A        	sz z
 296  0052  2800     R  	jmp _L108
 296  0053  0700     R  	mov a,_dispmode[0]
 296  0054  0A02        	sub a,2
 296  0055  390A        	snz z
 296  0056  2800     R  	jmp _L99
 308  0057              #line 308 "f:\zccback\案例\tds\双路tds模块\显示模块\tds_disp\main.c"
 308  0057  3800     R  	snz _loop
 308  0058  2800     R  	jmp _L108
 308  0059              _L133:
 310  0059              #line 310 "f:\zccback\案例\tds\双路tds模块\显示模块\tds_disp\main.c"
 310  0059  0700     R  	mov a,_tds1[0]
 310  005A  0080     R  	mov _disptds_l_2[0],a
 310  005B  0700     R  	mov a,_tds1[1]
 310  005C  0080     R  	mov _disptds_l_2[1],a
 310  005D  2000     R  	call _disptds_l
 311  005E              #line 311 "f:\zccback\案例\tds\双路tds模块\显示模块\tds_disp\main.c"
 311  005E  0700     R  	mov a,_tds2[0]
 311  005F  0080     R  	mov _disptds_r_2[0],a
 311  0060  0700     R  	mov a,_tds2[1]
 311  0061  0080     R  	mov _disptds_r_2[1],a
 311  0062  2800     R  	jmp _L132
文件：main.c       编译器版本 HGASM 0202 页次32

 311  0063              _L108:
 315  0063              #line 315 "f:\zccback\案例\tds\双路tds模块\显示模块\tds_disp\main.c"
 315  0063  0700     R  	mov a,_temp1[0]
 315  0064  0080     R  	mov _disptemp_l_2[0],a
 315  0065  0700     R  	mov a,_temp1[1]
 315  0066  0080     R  	mov _disptemp_l_2[1],a
 315  0067  2000     R  	call _disptemp_l
 316  0068              #line 316 "f:\zccback\案例\tds\双路tds模块\显示模块\tds_disp\main.c"
 316  0068  0700     R  	mov a,_temp2[0]
 316  0069  0080     R  	mov _disptemp_r_2[0],a
 316  006A  0700     R  	mov a,_temp2[1]
 316  006B  0080     R  	mov _disptemp_r_2[1],a
 316  006C  2000     R  	call _disptemp_r
 316  006D  2800     R  	jmp _L99
 316  006E              _L134:
 327  006E              #line 327 "f:\zccback\案例\tds\双路tds模块\显示模块\tds_disp\main.c"
 327  006E  0700     R  	mov a,_calstep[0]
 327  006F  0A00        	sub a,0
 327  0070  3D0A        	sz z
 327  0071  2800     R  	jmp _L109
 327  0072  0A01        	sub a,(1)-(0)
 327  0073  3D0A        	sz z
 327  0074  2800     R  	jmp _L110
 327  0075  0700     R  	mov a,_calstep[0]
 327  0076  0A02        	sub a,2
 327  0077  390A        	snz z
 327  0078  2800     R  	jmp _L99
 355  0079              #line 355 "f:\zccback\案例\tds\双路tds模块\显示模块\tds_disp\main.c"
 355  0079  0FFE        	mov a,-2
 355  007A  0080     R  	mov _disptds_l_2[0],a
 355  007B  1F80     R  	set _disptds_l_2[1]
 355  007C  2000     R  	call _disptds_l
 356  007D              #line 356 "f:\zccback\案例\tds\双路tds模块\显示模块\tds_disp\main.c"
 356  007D  0FFE        	mov a,-2
 356  007E  0080     R  	mov _disptds_r_2[0],a
 356  007F  1F80     R  	set _disptds_r_2[1]
 356  0080  2000     R  	call _disptds_r
 357  0081              #line 357 "f:\zccback\案例\tds\双路tds模块\显示模块\tds_disp\main.c"
 357  0081  1F00     R  	clr _cnt5s[0]
 358  0082              #line 358 "f:\zccback\案例\tds\双路tds模块\显示模块\tds_disp\main.c"
 358  0082  1F00     R  	clr _cnt1s[0]
 359  0083              #line 359 "f:\zccback\案例\tds\双路tds模块\显示模块\tds_disp\main.c"
 359  0083  2800     R  	jmp _L99
 359  0084              _L109:
 330  0084              #line 330 "f:\zccback\案例\tds\双路tds模块\显示模块\tds_disp\main.c"
 330  0084  3800     R  	snz _flash
 330  0085  2800     R  	jmp _L112
 332  0086              #line 332 "f:\zccback\案例\tds\双路tds模块\显示模块\tds_disp\main.c"
 332  0086  1F80     R  	set _disptds_l_2[0]
 332  0087  1F80     R  	set _disptds_l_2[1]
 332  0088  2800     R  	jmp _L130
 332  0089              _L112:
 336  0089              #line 336 "f:\zccback\案例\tds\双路tds模块\显示模块\tds_disp\main.c"
 336  0089  0FF4        	mov a,-12
 336  008A  0080     R  	mov _disptds_l_2[0],a
 336  008B  0F01        	mov a,1
 336  008C  0080     R  	mov _disptds_l_2[1],a
 336  008D              _L130:
 336  008D  2000     R  	call _disptds_l
 339  008E              #line 339 "f:\zccback\案例\tds\双路tds模块\显示模块\tds_disp\main.c"
文件：main.c       编译器版本 HGASM 0202 页次33

 339  008E  0FFE        	mov a,-2
 339  008F  0080     R  	mov _disptds_r_2[0],a
 339  0090  1F80     R  	set _disptds_r_2[1]
 339  0091              _L132:
 339  0091  2000     R  	call _disptds_r
 340  0092              #line 340 "f:\zccback\案例\tds\双路tds模块\显示模块\tds_disp\main.c"
 340  0092  2800     R  	jmp _L99
 340  0093              _L110:
 342  0093              #line 342 "f:\zccback\案例\tds\双路tds模块\显示模块\tds_disp\main.c"
 342  0093  3800     R  	snz _flash
 342  0094  2800     R  	jmp _L114
 344  0095              #line 344 "f:\zccback\案例\tds\双路tds模块\显示模块\tds_disp\main.c"
 344  0095  1F80     R  	set _disptds_r_2[0]
 344  0096  1F80     R  	set _disptds_r_2[1]
 344  0097  2800     R  	jmp _L131
 344  0098              _L114:
 348  0098              #line 348 "f:\zccback\案例\tds\双路tds模块\显示模块\tds_disp\main.c"
 348  0098  0FF4        	mov a,-12
 348  0099  0080     R  	mov _disptds_r_2[0],a
 348  009A  0F01        	mov a,1
 348  009B  0080     R  	mov _disptds_r_2[1],a
 348  009C              _L131:
 348  009C  2000     R  	call _disptds_r
 351  009D              #line 351 "f:\zccback\案例\tds\双路tds模块\显示模块\tds_disp\main.c"
 351  009D  0FFE        	mov a,-2
 351  009E  0080     R  	mov _disptds_l_2[0],a
 351  009F  1F80     R  	set _disptds_l_2[1]
 351  00A0  2000     R  	call _disptds_l
 351  00A1              _L99:
 365  00A1              #line 365 "f:\zccback\案例\tds\双路tds模块\显示模块\tds_disp\main.c"
 365  00A1  0700     R  	mov a,_KeyPress[0]
 365  00A2  0080     R  	mov _main_2[0],a
 365  00A3  0700     R  	mov a,_main_2[0]
 365  00A4  0A02        	sub a,2
 365  00A5  390A        	snz z
 365  00A6  2800     R  	jmp _L116
 367  00A7              #line 367 "f:\zccback\案例\tds\双路tds模块\显示模块\tds_disp\main.c"
 367  00A7  1F00     R  	clr _KeyPress[0]
 369  00A8              #line 369 "f:\zccback\案例\tds\双路tds模块\显示模块\tds_disp\main.c"
 369  00A8  1700     R  	sdza _KeyVal[0]
 369  00A9  2800     R  	jmp _L94
 371  00AA              #line 371 "f:\zccback\案例\tds\双路tds模块\显示模块\tds_disp\main.c"
 371  00AA  1080     R  	sz _workmode[0]
 371  00AB  2800     R  	jmp _L118
 373  00AC              #line 373 "f:\zccback\案例\tds\双路tds模块\显示模块\tds_disp\main.c"
 373  00AC  0F01        	mov a,1
 373  00AD  0080     R  	mov _workmode[0],a
 373  00AE  2800     R  	jmp _L127
 373  00AF              _L118:
 378  00AF              #line 378 "f:\zccback\案例\tds\双路tds模块\显示模块\tds_disp\main.c"
 378  00AF  1F00     R  	clr _workmode[0]
 378  00B0              _L127:
 379  00B0              #line 379 "f:\zccback\案例\tds\双路tds模块\显示模块\tds_disp\main.c"
 379  00B0  1F00     R  	clr _calstep[0]
 379  00B1  2800     R  	jmp _L94
 379  00B2              _L116:
 385  00B2              #line 385 "f:\zccback\案例\tds\双路tds模块\显示模块\tds_disp\main.c"
 385  00B2  0700     R  	mov a,_main_2[0]
 385  00B3  0A03        	sub a,3
 385  00B4  390A        	snz z
文件：main.c       编译器版本 HGASM 0202 页次34

 385  00B5  2800     R  	jmp _L94
 385  00B6              #pragma debug scope 20 19
 385  00B6              ;begin block, line: 385.-1
 388  00B6              #line 388 "f:\zccback\案例\tds\双路tds模块\显示模块\tds_disp\main.c"
 388  00B6  1F00     R  	clr _KeyPress[0]
 389  00B7              #line 389 "f:\zccback\案例\tds\双路tds模块\显示模块\tds_disp\main.c"
 389  00B7  0700     R  	mov a,_KeyVal[0]
 389  00B8  0080     R  	mov _main_2[0],a
 389  00B9  1700     R  	sdza _main_2[0]
 389  00BA  2800     R  	jmp _L120
 391  00BB              #line 391 "f:\zccback\案例\tds\双路tds模块\显示模块\tds_disp\main.c"
 391  00BB  1700     R  	sdza _workmode[0]
 391  00BC  2800     R  	jmp _L94
 393  00BD              #line 393 "f:\zccback\案例\tds\双路tds模块\显示模块\tds_disp\main.c"
 393  00BD  0700     R  	mov a,_calstep[0]
 393  00BE  0080     R  	mov _main_2[0],a
 393  00BF  1080     R  	sz _main_2[0]
 393  00C0  2800     R  	jmp _L121
 396  00C1              #line 396 "f:\zccback\案例\tds\双路tds模块\显示模块\tds_disp\main.c"
 396  00C1  0F03        	mov a,3
 396  00C2  0080     E  	mov _Tx_databuf[2],a
 397  00C3              #line 397 "f:\zccback\案例\tds\双路tds模块\显示模块\tds_disp\main.c"
 397  00C3  0F01        	mov a,1
 397  00C4  0080     E  	mov _Tx_databuf[3],a
 397  00C5  2800     R  	jmp _L128
 397  00C6              _L121:
 403  00C6              #line 403 "f:\zccback\案例\tds\双路tds模块\显示模块\tds_disp\main.c"
 403  00C6  1700     R  	sdza _main_2[0]
 403  00C7  2800     R  	jmp _L118
 406  00C8              #line 406 "f:\zccback\案例\tds\双路tds模块\显示模块\tds_disp\main.c"
 406  00C8  0F03        	mov a,3
 406  00C9  0080     E  	mov _Tx_databuf[2],a
 407  00CA              #line 407 "f:\zccback\案例\tds\双路tds模块\显示模块\tds_disp\main.c"
 407  00CA  0F02        	mov a,2
 407  00CB  0080     E  	mov _Tx_databuf[3],a
 407  00CC              _L128:
 408  00CC              #line 408 "f:\zccback\案例\tds\双路tds模块\显示模块\tds_disp\main.c"
 408  00CC  0F01        	mov a,1
 408  00CD  0080     E  	mov _Tx_databuf[4],a
 409  00CE              #line 409 "f:\zccback\案例\tds\双路tds模块\显示模块\tds_disp\main.c"
 409  00CE  0F13        	mov a,19
 409  00CF  0080     E  	mov _Tx_databuf[5],a
 410  00D0              #line 410 "f:\zccback\案例\tds\双路tds模块\显示模块\tds_disp\main.c"
 410  00D0  0F88        	mov a,136
 410  00D1  0080     E  	mov _Tx_databuf[6],a
 411  00D2              #line 411 "f:\zccback\案例\tds\双路tds模块\显示模块\tds_disp\main.c"
 411  00D2  3000     E  	set _F_UART
 411  00D3  2800     R  	jmp _L94
 411  00D4              _L120:
 421  00D4              #line 421 "f:\zccback\案例\tds\双路tds模块\显示模块\tds_disp\main.c"
 421  00D4  0700     R  	mov a,_main_2[0]
 421  00D5  0A02        	sub a,2
 421  00D6  390A        	snz z
 421  00D7  2800     R  	jmp _L94
 423  00D8              #line 423 "f:\zccback\案例\tds\双路tds模块\显示模块\tds_disp\main.c"
 423  00D8  1080     R  	sz _workmode[0]
 423  00D9  2800     R  	jmp _L94
 425  00DA              #line 425 "f:\zccback\案例\tds\双路tds模块\显示模块\tds_disp\main.c"
 425  00DA  0700     R  	mov a,_dispmode[0]
 425  00DB  0080     R  	mov _main_2[0],a
文件：main.c       编译器版本 HGASM 0202 页次35

 425  00DC  1080     R  	sz _main_2[0]
 425  00DD  2800     R  	jmp _L122
 427  00DE              #line 427 "f:\zccback\案例\tds\双路tds模块\显示模块\tds_disp\main.c"
 427  00DE  0F01        	mov a,1
 427  00DF  0080     R  	mov _dispmode[0],a
 427  00E0              _L125:
 427  00E0              #pragma debug scope 19 1
 225  00E0              #line 225 "f:\zccback\案例\tds\双路tds模块\显示模块\tds_disp\main.c"
 225  00E0  0F03        	mov a,3
 225  00E1  0080     R  	mov _main_2[0],a
 225  00E2  2800     R  	jmp _L123
 225  00E3              _L122:
 225  00E3              #pragma debug scope 21 19
 225  00E3              ;begin block, line: 225.-1
 429  00E3              #line 429 "f:\zccback\案例\tds\双路tds模块\显示模块\tds_disp\main.c"
 429  00E3  1700     R  	sdza _main_2[0]
 429  00E4  2800     R  	jmp _L124
 431  00E5              #line 431 "f:\zccback\案例\tds\双路tds模块\显示模块\tds_disp\main.c"
 431  00E5  0F02        	mov a,2
 431  00E6  0080     R  	mov _dispmode[0],a
 431  00E7  2800     R  	jmp _L125
 431  00E8              _L124:
 433  00E8              #line 433 "f:\zccback\案例\tds\双路tds模块\显示模块\tds_disp\main.c"
 433  00E8  0700     R  	mov a,_main_2[0]
 433  00E9  0A02        	sub a,2
 433  00EA  390A        	snz z
 433  00EB  2800     R  	jmp _L125
 435  00EC              #line 435 "f:\zccback\案例\tds\双路tds模块\显示模块\tds_disp\main.c"
 435  00EC  1F00     R  	clr _dispmode[0]
 435  00ED  2800     R  	jmp _L125
 435  00EE              _L123:
 440  00EE              #line 440 "f:\zccback\案例\tds\双路tds模块\显示模块\tds_disp\main.c"
 440  00EE  0F01        	mov a,1
 440  00EF  0300     R  	add a,_dispmode[0]
 440  00F0  0080     R  	mov _disptds_l_2[0],a
 440  00F1  0F00        	mov a,0
 440  00F2  1F00     R  	clr _disptds_l_2[1]
 440  00F3  1380     R  	adcm a,_disptds_l_2[1]
 440  00F4  2000     R  	call _disptds_l
 441  00F5              #line 441 "f:\zccback\案例\tds\双路tds模块\显示模块\tds_disp\main.c"
 441  00F5  0FC8        	mov a,-56
 441  00F6  0080     R  	mov _delay_ms_2[0],a
 441  00F7  1F00     R  	clr _delay_ms_2[1]
 441  00F8  2000     R  	call _delay_ms
 442  00F9              #line 442 "f:\zccback\案例\tds\双路tds模块\显示模块\tds_disp\main.c"
 442  00F9  1F80     R  	set _disptds_l_2[0]
 442  00FA  1F80     R  	set _disptds_l_2[1]
 442  00FB  2000     R  	call _disptds_l
 443  00FC              #line 443 "f:\zccback\案例\tds\双路tds模块\显示模块\tds_disp\main.c"
 443  00FC  0FC8        	mov a,-56
 443  00FD  0080     R  	mov _delay_ms_2[0],a
 443  00FE  1F00     R  	clr _delay_ms_2[1]
 443  00FF  2000     R  	call _delay_ms
 443  0100  1780     R  	sdz _main_2[0]
 443  0101  2800     R  	jmp _L123
 443  0102  2800     R  	jmp _L94
 443  0103              #pragma debug scope 19 1
 443  0103  2800     R  	jmp $
 443  0104              _main endp
 443  0104              
文件：main.c       编译器版本 HGASM 0202 页次36

 443  0104              @dummy endp
 443  0104              
 443  0104              #line 443 "f:\zccback\案例\tds\双路tds模块\显示模块\tds_disp\main.c"
 443  0104              #pragma debug scope 1 1
 443  0000              @HCCINIT0___temp_2264 .section 'data'
 443  0000              ___temp_2264	db 0
 443  0001              #pragma debug variable 8 18 ___temp_2264 "temp"
 443  0001              
 443  0000              @HCCINIT .section 'data'
 443  0000              @HCCINIT	.section 'data'
 459  0000              #line 459 "f:\zccback\案例\tds\双路tds模块\显示模块\tds_disp\main.c"
 459  0000              @HCCINIT___cnt_2247 .section 'data'
 459  0000              ___cnt_2247 label byte
 459  0000              #pragma debug variable 8 16 ___cnt_2247 "cnt"
 459  0000              	db 0
 459  0000              @ROMDATA_BASE .section inpage 'code'
 459  0000              	db 0
 459  0001              @HCCINIT___cnt_2247 .section 'data'
 460  0001              #line 460 "f:\zccback\案例\tds\双路tds模块\显示模块\tds_disp\main.c"
 460  0000              @HCCINIT___gap_2249 .section 'data'
 460  0000              ___gap_2249 label byte
 460  0000              #pragma debug variable 8 16 ___gap_2249 "gap"
 460  0000              	db 0
 460  0001              @ROMDATA_BASE .section inpage 'code'
 460  0001              	db 0
 460  0001              @HCCINIT___gap_2249 .section 'data'
 459  0001              #line 459 "f:\zccback\案例\tds\双路tds模块\显示模块\tds_disp\main.c"
 459  0000              @HCCINIT___cnt10ms_2248 .section 'data'
 459  0000              ___cnt10ms_2248 label byte
 459  0000              #pragma debug variable 8 16 ___cnt10ms_2248 "cnt10ms"
 459  0000              	db 0
 459  0001              @ROMDATA_BASE .section inpage 'code'
 459  0001              	db 0
 459  0001              @HCCINIT___cnt10ms_2248 .section 'data'
 459  0001              public _dispmode
  45  0001              #line 45 "f:\zccback\案例\tds\双路tds模块\显示模块\tds_disp\main.c"
  45  0000              @HCCINIT_dispmode .section 'data'
  45  0000              _dispmode label byte
  45  0000              #pragma debug variable 8 1 _dispmode "dispmode"
  45  0000              	db 0
  45  0002              @ROMDATA_BASE .section inpage 'code'
  45  0002              	db 0
  45  0001              @HCCINIT_dispmode .section 'data'
  45  0001              public _calstep
  44  0001              #line 44 "f:\zccback\案例\tds\双路tds模块\显示模块\tds_disp\main.c"
  44  0000              @HCCINIT_calstep .section 'data'
  44  0000              _calstep label byte
  44  0000              #pragma debug variable 8 1 _calstep "calstep"
  44  0000              	db 0
  44  0002              @ROMDATA_BASE .section inpage 'code'
  44  0002              	db 0
  44  0001              @HCCINIT_calstep .section 'data'
  44  0001              public _workmode
  43  0001              #line 43 "f:\zccback\案例\tds\双路tds模块\显示模块\tds_disp\main.c"
  43  0000              @HCCINIT_workmode .section 'data'
  43  0000              _workmode label byte
  43  0000              #pragma debug variable 8 1 _workmode "workmode"
  43  0000              	db 0
  43  0003              @ROMDATA_BASE .section inpage 'code'
  43  0003              	db 0
文件：main.c       编译器版本 HGASM 0202 页次37

  43  0001              @HCCINIT_workmode .section 'data'
  43  0001              public _cnt1s
  42  0001              #line 42 "f:\zccback\案例\tds\双路tds模块\显示模块\tds_disp\main.c"
  42  0000              @HCCINIT_cnt1s .section 'data'
  42  0000              _cnt1s label byte
  42  0000              #pragma debug variable 8 1 _cnt1s "cnt1s"
  42  0000              	db 0
  42  0003              @ROMDATA_BASE .section inpage 'code'
  42  0003              	db 0
  42  0001              @HCCINIT_cnt1s .section 'data'
  42  0001              public _cnt5s
  41  0001              #line 41 "f:\zccback\案例\tds\双路tds模块\显示模块\tds_disp\main.c"
  41  0000              @HCCINIT_cnt5s .section 'data'
  41  0000              _cnt5s label byte
  41  0000              #pragma debug variable 8 1 _cnt5s "cnt5s"
  41  0000              	db 0
  41  0004              @ROMDATA_BASE .section inpage 'code'
  41  0004              	db 0
  41  0001              @HCCINIT_cnt5s .section 'data'
  41  0001              public _f500ms
  40  0001              #line 40 "f:\zccback\案例\tds\双路tds模块\显示模块\tds_disp\main.c"
  40  0000              @BITDATASEC .section 'data'
  40  0000  00          _f500ms	dbit 0
  40  0001              #pragma debug variable 2 1 _f500ms "f500ms"
  40  0001              public _cnt500ms
  39  0001              #line 39 "f:\zccback\案例\tds\双路tds模块\显示模块\tds_disp\main.c"
  39  0000              @HCCINIT_cnt500ms .section 'data'
  39  0000              _cnt500ms label byte
  39  0000              #pragma debug variable 8 1 _cnt500ms "cnt500ms"
  39  0000              	db 0
  39  0004              @ROMDATA_BASE .section inpage 'code'
  39  0004              	db 0
  39  0001              @HCCINIT_cnt500ms .section 'data'
  38  0001              #line 38 "f:\zccback\案例\tds\双路tds模块\显示模块\tds_disp\main.c"
  38  0001              public _loop
  38  0001              @BITDATASEC .section 'data'
  38  0000              _loop	dbit 0
  38  0001              #pragma debug variable 2 1 _loop "loop"
  38  0001              
  38  0000              @HCCINIT .section 'data'
  38  0000              #line 38 "f:\zccback\案例\tds\双路tds模块\显示模块\tds_disp\main.c"
  38  0000              public _flash
  38  0001              @BITDATASEC .section 'data'
  38  0000              _flash	dbit 0
  38  0001              #pragma debug variable 2 1 _flash "flash"
  38  0001              
  38  0000              @HCCINIT .section 'data'
  38  0000              public _f10ms
  37  0000              #line 37 "f:\zccback\案例\tds\双路tds模块\显示模块\tds_disp\main.c"
  37  0001              @BITDATASEC .section 'data'
  37  0000              _f10ms	dbit 0
  37  0001              #pragma debug variable 2 1 _f10ms "f10ms"
  37  0001              public _temp2
  35  0001              #line 35 "f:\zccback\案例\tds\双路tds模块\显示模块\tds_disp\main.c"
  35  0000              @HCCINIT_temp2 .section 'data'
  35  0000              _temp2 label byte
  35  0000              #pragma debug variable 12 1 _temp2 "temp2"
  35  0000              	db 0
  35  0005              @ROMDATA_BASE .section inpage 'code'
  35  0005              	db 0
文件：main.c       编译器版本 HGASM 0202 页次38

  35  0001              @HCCINIT_temp2 .section 'data'
  35  0001              	db 0
  35  0005              @ROMDATA_BASE .section inpage 'code'
  35  0005              	db 0
  35  0002              @HCCINIT_temp2 .section 'data'
  35  0002              public _temp1
  34  0002              #line 34 "f:\zccback\案例\tds\双路tds模块\显示模块\tds_disp\main.c"
  34  0000              @HCCINIT_temp1 .section 'data'
  34  0000              _temp1 label byte
  34  0000              #pragma debug variable 12 1 _temp1 "temp1"
  34  0000              	db 0
  34  0006              @ROMDATA_BASE .section inpage 'code'
  34  0006              	db 0
  34  0001              @HCCINIT_temp1 .section 'data'
  34  0001              	db 0
  34  0006              @ROMDATA_BASE .section inpage 'code'
  34  0006              	db 0
  34  0002              @HCCINIT_temp1 .section 'data'
  34  0002              public _tds2
  33  0002              #line 33 "f:\zccback\案例\tds\双路tds模块\显示模块\tds_disp\main.c"
  33  0000              @HCCINIT_tds2 .section 'data'
  33  0000              _tds2 label byte
  33  0000              #pragma debug variable 12 1 _tds2 "tds2"
  33  0000              	db 0
  33  0007              @ROMDATA_BASE .section inpage 'code'
  33  0007              	db 0
  33  0001              @HCCINIT_tds2 .section 'data'
  33  0001              	db 0
  33  0007              @ROMDATA_BASE .section inpage 'code'
  33  0007              	db 0
  33  0002              @HCCINIT_tds2 .section 'data'
  33  0002              public _tds1
  32  0002              #line 32 "f:\zccback\案例\tds\双路tds模块\显示模块\tds_disp\main.c"
  32  0000              @HCCINIT_tds1 .section 'data'
  32  0000              _tds1 label byte
  32  0000              #pragma debug variable 12 1 _tds1 "tds1"
  32  0000              	db 0
  32  0008              @ROMDATA_BASE .section inpage 'code'
  32  0008              	db 0
  32  0001              @HCCINIT_tds1 .section 'data'
  32  0001              	db 0
  32  0008              @ROMDATA_BASE .section inpage 'code'
  32  0008              	db 0
  32  0002              @HCCINIT_tds1 .section 'data'
  32  0002              public _dispcode
  32  0000              @crom	.section 'crom'
  30  0000              #line 30 "f:\zccback\案例\tds\双路tds模块\显示模块\tds_disp\main.c"
  30  0000              @crom	.section	'crom'
  30  0000              _dispcode:
  30  0000              #pragma debug array 42 8 10 1
  30  0000              #pragma debug array 42 8 10 1
  30  0000              #pragma debug variable 42 1 _dispcode "dispcode"
  30  0000              	db 63
  30  0001              	db 6
  30  0001              	db 91
  30  0002              	db 79
  30  0002              	db 102
  30  0003              	db 109
  30  0003              	db 125
  30  0004              	db 7
文件：main.c       编译器版本 HGASM 0202 页次39

  30  0004              	db 127
  30  0005              	db 111
  28  0005              #line 28 "f:\zccback\案例\tds\双路tds模块\显示模块\tds_disp\main.c"
  28  0005              public _dispbuff
  28  0000              @HCCINIT0_dispbuff .section 'data'
  28  0000  0008[       _dispbuff	db 8 dup(0)
            00
            ]
  28  0008              #pragma debug array 43 8 8 1
  28  0008              #pragma debug array 43 8 8 1
  28  0008              #pragma debug variable 43 1 _dispbuff "dispbuff"
  28  0008              
  28  0000              @HCCINIT .section 'data'
  28  0000              public _KeyPress
  28  0000              @HCCINIT	.section 'data'
  16  0000              #line 16 "f:\zccback\案例\tds\双路tds模块\显示模块\tds_disp\main.c"
  16  0000              @HCCINIT_KeyPress .section 'data'
  16  0000              _KeyPress label byte
  16  0000              #pragma debug variable 8 1 _KeyPress "KeyPress"
  16  0000              	db 0
  16  0009              @ROMDATA_BASE .section inpage 'code'
  16  0009              	db 0
  16  0001              @HCCINIT_KeyPress .section 'data'
  16  0001              public _KeyCnt
  15  0001              #line 15 "f:\zccback\案例\tds\双路tds模块\显示模块\tds_disp\main.c"
  15  0000              @HCCINIT_KeyCnt .section 'data'
  15  0000              _KeyCnt label byte
  15  0000              #pragma debug variable 12 1 _KeyCnt "KeyCnt"
  15  0000              	db 0
  15  0009              @ROMDATA_BASE .section inpage 'code'
  15  0009              	db 0
  15  0001              @HCCINIT_KeyCnt .section 'data'
  15  0001              	db 0
  15  000A              @ROMDATA_BASE .section inpage 'code'
  15  000A              	db 0
  15  0002              @HCCINIT_KeyCnt .section 'data'
  15  0002              public _KeyVal
  14  0002              #line 14 "f:\zccback\案例\tds\双路tds模块\显示模块\tds_disp\main.c"
  14  0000              @HCCINIT_KeyVal .section 'data'
  14  0000              _KeyVal label byte
  14  0000              #pragma debug variable 8 1 _KeyVal "KeyVal"
  14  0000              	db 0
  14  000A              @ROMDATA_BASE .section inpage 'code'
  14  000A              	db 0
  14  0001              @HCCINIT_KeyVal .section 'data'
  14  0001              public _KeyStatus
  13  0001              #line 13 "f:\zccback\案例\tds\双路tds模块\显示模块\tds_disp\main.c"
  13  0000              @HCCINIT_KeyStatus .section 'data'
  13  0000              _KeyStatus label byte
  13  0000              #pragma debug variable 8 1 _KeyStatus "KeyStatus"
  13  0000              	db 0
  13  000B              @ROMDATA_BASE .section inpage 'code'
  13  000B              	db 0
  13  0001              @HCCINIT_KeyStatus .section 'data'
  13  0001              #pragma debug struct_end
  13  0001              #pragma debug struct_end
  13  0001              #pragma debug union_end
  13  0001              #pragma debug union_end
  13  0001              #pragma debug variable 45 1 ___pa "__pa" 1
  13  0001              #pragma debug struct_end
文件：main.c       编译器版本 HGASM 0202 页次40

  13  0001              #pragma debug struct_end
  13  0001              #pragma debug union_end
  13  0001              #pragma debug union_end
  13  0001              #pragma debug variable 47 1 ___pb "__pb" 1
  13  0001              #pragma debug struct_end
  13  0001              #pragma debug struct_end
  13  0001              #pragma debug union_end
  13  0001              #pragma debug union_end
  13  0001              #pragma debug variable 49 1 ___pc "__pc" 1
  13  0001              #pragma debug struct_end
  13  0001              #pragma debug struct_end
  13  0001              #pragma debug union_end
  13  0001              #pragma debug union_end
  13  0001              #pragma debug variable 51 1 ___mfi1 "__mfi1" 1
  13  0001              #pragma debug struct_end
  13  0001              #pragma debug struct_end
  13  0001              #pragma debug union_end
  13  0001              #pragma debug union_end
  13  0001              #pragma debug variable 53 1 ___sledc0 "__sledc0" 1
  13  0001              #pragma debug struct_end
  13  0001              #pragma debug struct_end
  13  0001              #pragma debug union_end
  13  0001              #pragma debug union_end
  13  0001              #pragma debug variable 55 1 ___sledc1 "__sledc1" 1
  13  0001              #pragma debug struct_end
  13  0001              #pragma debug struct_end
  13  0001              #pragma debug union_end
  13  0001              #pragma debug union_end
  13  0001              #pragma debug variable 57 1 ___usr "__usr" 1
  13  0001              #pragma debug struct_end
  13  0001              #pragma debug struct_end
  13  0001              #pragma debug union_end
  13  0001              #pragma debug union_end
  13  0001              #pragma debug variable 59 1 ___txr_rxr "__txr_rxr" 1
  13  0001              
  13  0001              ; output external variables
  13  0001              extern _Rx_Count:byte
  13  0001              extern _Uart_4msCnt:byte
  13  0001              extern _Rx_databuf:byte
  13  0001              extern _Tx_databuf:byte
  13  0001              extern _F_UART:bit
  13  0001              extern r1:byte
  13  0001              extern r2:byte
  13  0001              extern r3:byte
  13  0001              extern r4:byte
  13  0001              extern r5:byte
  13  0001              extern r6:byte
 225  0001              #line 225 "f:\zccback\案例\tds\双路tds模块\显示模块\tds_disp\main.c"
 225  0000              @code .section at 0 'code'
 225  0000  2800     R  	jmp _main_startup1
 225  0001              
 225  0001              extern _builtin_holtek_udivmodhi4_2:byte
 225  0001              extern _builtin_holtek_udivmodhi4:near
 225  0001              extern _Clear_Tx_databuf:near
 225  0001              extern _Clear_Rx_databuf:near
 225  0001              extern _System_Init:near
 225  0001              extern _System_Setting:near
 225  0001              
 225  0001              ; 
 225  0001              ; Generated by holtek-gcc v3.19, Tue Jul 27 17:51:56 2021
文件：main.c       编译器版本 HGASM 0202 页次41

 225  0001              ; Rebuild 718
 225  0001              ; end of file


        0 Errors, 0